embedding,classifier,setting,variant,accuracy,precision,recall,f1,roc_auc
tfidf,logistic_regression,fixed_split_train_test,text_only,0.6156274664561957,0.5517241379310345,0.6365280289330922,0.5910999160369438,0.6527421095020287
tfidf,logistic_regression,fixed_split_train_test,text_plus_graph,0.6322020520915549,0.5709624796084829,0.6329113924050633,0.6003430531732419,0.6729451274180559
tfidf,logistic_regression,speaker_disjoint_split,text_only,0.5979020979020979,0.5669975186104218,0.6171505739365294,0.5910119624959587,0.6416109559931301
tfidf,logistic_regression,speaker_disjoint_split,text_plus_graph,0.6169739351557534,0.5871212121212122,0.6279540850776503,0.6068515497553018,0.6547063606482918
tfidf,linear_svm,fixed_split_train_test,text_only,0.6124704025256511,0.5479876160990712,0.6401446654611211,0.5904920767306089,0.6531118776624574
tfidf,linear_svm,fixed_split_train_test,text_plus_graph,0.6250986582478295,0.5629032258064516,0.6311030741410488,0.5950554134697357,0.6722967668079891
tfidf,linear_svm,speaker_disjoint_split,text_only,0.6013986013986014,0.5698461538461539,0.62525320729237,0.5962652929813265,0.6393334590498668
tfidf,linear_svm,speaker_disjoint_split,text_plus_graph,0.6112523839796568,0.5798267326732673,0.6326806212018906,0.6051017113335486,0.6511911641553776
tfidf,random_forest,fixed_split_train_test,text_only,0.595895816890292,0.5506172839506173,0.40325497287522605,0.46555323590814196,0.6376069415107815
tfidf,random_forest,fixed_split_train_test,text_plus_graph,0.6385161799526441,0.6368876080691642,0.3996383363471971,0.4911111111111111,0.68346325872121
tfidf,random_forest,speaker_disjoint_split,text_only,0.5969485060394152,0.60790273556231,0.4051316677920324,0.4862236628849271,0.6436345866460653
tfidf,random_forest,speaker_disjoint_split,text_plus_graph,0.598537825810553,0.6144957983193278,0.3950033760972316,0.4808877928483354,0.656732424524457
tfidf,gradient_boosting,fixed_split_train_test,text_only,0.5816890292028414,0.5186991869918699,0.5768535262206148,0.5462328767123288,0.6277498341108596
tfidf,gradient_boosting,fixed_split_train_test,text_plus_graph,0.6140489344909235,0.5547945205479452,0.5858951175406871,0.5699208443271768,0.661540565593326
tfidf,gradient_boosting,speaker_disjoint_split,text_only,0.59631277813096,0.5756272401433692,0.5422012153950033,0.5584144645340751,0.634410237381203
tfidf,gradient_boosting,speaker_disjoint_split,text_plus_graph,0.6137952956134775,0.5941926345609065,0.5665091154625254,0.5800207397165572,0.6494526261575553
minilm,logistic_regression,fixed_split_train_test,text_only,0.6124704025256511,0.5511551155115512,0.6039783001808319,0.5763589301121657,0.6440500250733205
minilm,logistic_regression,fixed_split_train_test,text_plus_graph,0.6211523283346487,0.5607321131447587,0.6094032549728752,0.584055459272097,0.6600108397789495
minilm,logistic_regression,speaker_disjoint_split,text_only,0.6042593769866497,0.5736579275905118,0.6205266711681297,0.5961725591955888,0.6504822851210428
minilm,logistic_regression,speaker_disjoint_split,text_plus_graph,0.6141131595677051,0.5829707893101305,0.6333558406482107,0.6071197411003236,0.6586060064115432
minilm,linear_svm,fixed_split_train_test,text_only,0.6156274664561957,0.5544554455445545,0.6075949367088608,0.5798101811906816,0.6417275771067921
minilm,linear_svm,fixed_split_train_test,text_plus_graph,0.6203630623520127,0.56,0.6075949367088608,0.5828274067649609,0.6564296604717836
minilm,linear_svm,speaker_disjoint_split,text_only,0.600127145581691,0.5694704049844237,0.6171505739365294,0.592352559948153,0.646627248450341
minilm,linear_svm,speaker_disjoint_split,text_plus_graph,0.6112523839796568,0.5805243445692884,0.6279540850776503,0.6033084657800843,0.6541893007119206
minilm,random_forest,fixed_split_train_test,text_only,0.6022099447513812,0.5983935742971888,0.2694394213381555,0.371571072319202,0.6500980138890999
minilm,random_forest,fixed_split_train_test,text_plus_graph,0.6416732438831886,0.6701030927835051,0.352622061482821,0.46208530805687204,0.6922009310053135
minilm,random_forest,speaker_disjoint_split,text_only,0.5820089001907184,0.6456140350877193,0.24848075624577987,0.35884934178449535,0.6487725402647753
minilm,random_forest,speaker_disjoint_split,text_plus_graph,0.5918626827717737,0.6638935108153078,0.26941255908170153,0.38328530259365995,0.6516364440064643
minilm,gradient_boosting,fixed_split_train_test,text_only,0.5990528808208366,0.536115569823435,0.6039783001808319,0.5680272108843537,0.6401269368506897
minilm,gradient_boosting,fixed_split_train_test,text_plus_graph,0.6219415943172849,0.5640138408304498,0.5895117540687161,0.5764809902740937,0.680634279028067
minilm,gradient_boosting,speaker_disjoint_split,text_only,0.6036236490781945,0.5866666666666667,0.5347738014854828,0.5595196043800778,0.6360358332674335
minilm,gradient_boosting,speaker_disjoint_split,text_plus_graph,0.6080737444373808,0.5876944837340877,0.5611073598919649,0.5740932642487047,0.6554464660474115
bert_base,logistic_regression,fixed_split_train_test,text_only,0.6290449881610103,0.5668276972624798,0.6365280289330922,0.5996592844974447,0.6752853039950159
bert_base,logistic_regression,fixed_split_train_test,text_plus_graph,0.6456195737963694,0.588135593220339,0.6274864376130199,0.6071741032370953,0.6863175650006837
bert_base,logistic_regression,speaker_disjoint_split,text_only,0.6220597584233948,0.5919395465994962,0.6347062795408508,0.6125773867709352,0.6624111620060302
bert_base,logistic_regression,speaker_disjoint_split,text_plus_graph,0.6300063572790846,0.6008911521323997,0.637407157326131,0.6186107470511141,0.6697047486379019
bert_base,linear_svm,fixed_split_train_test,text_only,0.6306235201262825,0.5682182985553772,0.6401446654611211,0.6020408163265306,0.6753030326054472
bert_base,linear_svm,fixed_split_train_test,text_plus_graph,0.6448303078137332,0.5868465430016864,0.6292947558770343,0.6073298429319371,0.6864416652737045
bert_base,linear_svm,speaker_disjoint_split,text_only,0.6230133502860775,0.5927089880578252,0.636731937879811,0.6139322916666666,0.662871446733702
bert_base,linear_svm,speaker_disjoint_split,text_plus_graph,0.6293706293706294,0.6007677543186181,0.6340310600945307,0.6169513797634691,0.6691795779574308
bert_base,random_forest,fixed_split_train_test,text_only,0.632991318074191,0.6705426356589147,0.3128390596745027,0.42663378545006164,0.6712811706961266
bert_base,random_forest,fixed_split_train_test,text_plus_graph,0.6424625098658248,0.6798561151079137,0.34177215189873417,0.4548736462093863,0.6952502519995339
bert_base,random_forest,speaker_disjoint_split,text_only,0.5750158931977114,0.6309090909090909,0.23430114787305875,0.3417035942885278,0.6513582454838363
bert_base,random_forest,speaker_disjoint_split,text_plus_graph,0.5842339478703115,0.6564195298372514,0.2451046590141796,0.35693215339233036,0.6534970487029907
bert_base,gradient_boosting,fixed_split_train_test,text_only,0.5998421468034728,0.5349544072948328,0.6365280289330922,0.5813377374071016,0.6535196357023823
bert_base,gradient_boosting,fixed_split_train_test,text_plus_graph,0.6345698500394633,0.5821167883211679,0.5768535262206148,0.5794732061762035,0.6922794434229388
bert_base,gradient_boosting,speaker_disjoint_split,text_only,0.5979020979020979,0.5820668693009119,0.5172180958811614,0.5477297104040043,0.6385955841053748
bert_base,gradient_boosting,speaker_disjoint_split,text_plus_graph,0.6179275270184361,0.6028002947678703,0.5523295070898042,0.57646229739253,0.6524653620534782
