setting,model,threshold,accuracy,precision,recall,f1,roc_auc
fixed_split_train_test,text_only,0.329754,0.47592738752959746,0.4538653366583541,0.9873417721518988,0.621867881548975,0.6500980138890999
fixed_split_train_test,text_only,0.354422,0.4988161010260458,0.4637809187279152,0.9493670886075949,0.6231454005934718,0.6500980138890999
fixed_split_train_test,text_only,0.374683,0.5248618784530387,0.47690857681432614,0.9150090415913201,0.6270136307311028,0.6500980138890999
fixed_split_train_test,text_only,0.389436,0.5461720599842147,0.4888888888888889,0.8752260397830018,0.627349319507453,0.6500980138890999
fixed_split_train_test,text_only,0.402446,0.5682715074980268,0.5032679738562091,0.8354430379746836,0.628144119646499,0.6500980138890999
fixed_split_train_test,text_only,0.417155,0.5816890292028414,0.51357733175915,0.786618444846293,0.6214285714285714,0.6500980138890999
fixed_split_train_test,text_only,0.426743,0.5919494869771112,0.5231958762886598,0.7341772151898734,0.6109857035364936,0.6500980138890999
fixed_split_train_test,text_only,0.436699,0.5895816890292028,0.5234042553191489,0.6672694394213382,0.5866454689984102,0.6500980138890999
fixed_split_train_test,text_only,0.447465,0.6006314127861089,0.5371248025276462,0.6148282097649186,0.5733558178752108,0.6500980138890999
fixed_split_train_test,text_only,0.458722,0.6156274664561957,0.5587188612099644,0.5678119349005425,0.5632286995515695,0.6500980138890999
fixed_split_train_test,text_only,0.46809,0.6227308602999211,0.5763747454175153,0.5117540687160941,0.5421455938697318,0.6500980138890999
fixed_split_train_test,text_only,0.476986,0.6187845303867403,0.5833333333333334,0.4430379746835443,0.5035971223021583,0.6500980138890999
fixed_split_train_test,text_only,0.486142,0.6148382004735596,0.5931232091690545,0.3743218806509946,0.458980044345898,0.6500980138890999
fixed_split_train_test,text_only,0.496004,0.6022099447513812,0.5884476534296029,0.29475587703435807,0.3927710843373494,0.6500980138890999
fixed_split_train_test,text_only,0.507876,0.5966850828729282,0.6019417475728155,0.22423146473779385,0.32674571805006586,0.6500980138890999
fixed_split_train_test,text_only,0.524762,0.5880031570639306,0.6148148148148148,0.15009041591320071,0.24127906976744187,0.6500980138890999
fixed_split_train_test,text_only,0.547292,0.5840568271507498,0.703125,0.081374321880651,0.1458670988654781,0.6500980138890999
fixed_split_train_test,text_plus_graph,0.312849,0.47434885556432516,0.45303408146300916,0.9855334538878843,0.6207289293849658,0.6887210580434706
fixed_split_train_test,text_plus_graph,0.340121,0.5067087608524072,0.46819787985865724,0.9584086799276673,0.629080118694362,0.6887210580434706
fixed_split_train_test,text_plus_graph,0.359714,0.5374901341752171,0.48444863336475025,0.9294755877034359,0.6369268897149938,0.6887210580434706
fixed_split_train_test,text_plus_graph,0.375706,0.5651144435674822,0.501010101010101,0.8969258589511754,0.642903434867142,0.6887210580434706
fixed_split_train_test,text_plus_graph,0.390065,0.5777426992896606,0.5098039215686274,0.8462929475587704,0.6363018354860639,0.6887210580434706
fixed_split_train_test,text_plus_graph,0.402554,0.5974743488555643,0.525383707201889,0.8047016274864376,0.6357142857142857,0.6887210580434706
fixed_split_train_test,text_plus_graph,0.413561,0.6093133385951065,0.5373711340206185,0.7540687160940326,0.6275395033860045,0.6887210580434706
fixed_split_train_test,text_plus_graph,0.425282,0.6227308602999211,0.5531914893617021,0.705244122965642,0.6200317965023847,0.6887210580434706
fixed_split_train_test,text_plus_graph,0.436945,0.6290449881610103,0.5655608214849921,0.6473779385171791,0.6037099494097807,0.6887210580434706
fixed_split_train_test,text_plus_graph,0.448961,0.6393054459352802,0.5854092526690391,0.5949367088607594,0.590134529147982,0.6887210580434706
fixed_split_train_test,text_plus_graph,0.458247,0.6479873717442778,0.6089613034623218,0.5406871609403255,0.5727969348659003,0.6887210580434706
fixed_split_train_test,text_plus_graph,0.469332,0.6535122336227308,0.6357142857142857,0.48282097649186256,0.5488180883864338,0.6887210580434706
fixed_split_train_test,text_plus_graph,0.482488,0.6385161799526441,0.6361031518624641,0.4014466546112116,0.49223946784922396,0.6887210580434706
fixed_split_train_test,text_plus_graph,0.499646,0.6369376479873717,0.6678700361010831,0.3345388788426763,0.4457831325301205,0.6887210580434706
fixed_split_train_test,text_plus_graph,0.519665,0.6250986582478295,0.6893203883495146,0.25678119349005424,0.37417654808959155,0.6887210580434706
fixed_split_train_test,text_plus_graph,0.547629,0.5974743488555643,0.6592592592592592,0.1609403254972875,0.25872093023255816,0.6887210580434706
fixed_split_train_test,text_plus_graph,0.604716,0.585635359116022,0.71875,0.08318264014466546,0.14910858995137763,0.6887210580434706
speaker_disjoint_split,text_only,0.325646,0.49872854418308965,0.4839357429718876,0.9763673193787981,0.6471246363839785,0.6487725402647753
speaker_disjoint_split,text_only,0.353378,0.5225683407501589,0.49626467449306294,0.9419311276164753,0.6500465983224604,0.6487725402647753
speaker_disjoint_split,text_only,0.373538,0.5445009535918627,0.5091116173120729,0.9054692775151925,0.6517618469015796,0.6487725402647753
speaker_disjoint_split,text_only,0.389592,0.5648442466624285,0.5227827502034175,0.8676569885212694,0.6524498603706524,0.6487725402647753
speaker_disjoint_split,text_only,0.401789,0.5772409408773045,0.5330995177553705,0.8210668467251857,0.6464646464646465,0.6487725402647753
speaker_disjoint_split,text_only,0.414206,0.5883661792752701,0.5442015209125475,0.7731262660364618,0.6387726638772664,0.6487725402647753
speaker_disjoint_split,text_only,0.425471,0.600127145581691,0.5578619615983393,0.7258609047940581,0.630868544600939,0.6487725402647753
speaker_disjoint_split,text_only,0.43645,0.6055308328035601,0.5685714285714286,0.6718433490884538,0.6159083874961312,0.6487725402647753
speaker_disjoint_split,text_only,0.445566,0.6077558804831532,0.5785123966942148,0.6144496961512491,0.595939751146038,0.6487725402647753
speaker_disjoint_split,text_only,0.454097,0.6112523839796568,0.5924068767908309,0.5584064821066846,0.5749044143204727,0.6487725402647753
speaker_disjoint_split,text_only,0.462934,0.6102987921169739,0.6045939294503692,0.49763673193787983,0.5459259259259259,0.6487725402647753
speaker_disjoint_split,text_only,0.472256,0.6042593769866497,0.6132437619961613,0.4314652261985145,0.5065398335315101,0.6487725402647753
speaker_disjoint_split,text_only,0.482331,0.5994914176732359,0.6277456647398844,0.36664415935178934,0.4629156010230179,0.6487725402647753
speaker_disjoint_split,text_only,0.492497,0.5934520025429116,0.6468023255813954,0.30047265361242403,0.4103273397879207,0.6487725402647753
speaker_disjoint_split,text_only,0.506399,0.5756516211061665,0.642578125,0.22214719783929776,0.33015554440541894,0.6487725402647753
speaker_disjoint_split,text_only,0.521854,0.5619834710743802,0.6537313432835821,0.14787305874409182,0.24118942731277532,0.6487725402647753
speaker_disjoint_split,text_only,0.54605,0.5476795931341386,0.6835443037974683,0.07292370020256583,0.13178767541183647,0.6487725402647753
speaker_disjoint_split,text_plus_graph,0.335343,0.4980928162746345,0.48360107095046856,0.9756920999324781,0.6466771089729246,0.6529171304998449
speaker_disjoint_split,text_plus_graph,0.362759,0.5257469802924348,0.49804340092493776,0.9453072248480756,0.65237651444548,0.6529171304998449
speaker_disjoint_split,text_plus_graph,0.379901,0.5451366815003179,0.5094912680334093,0.9061444969615124,0.6522478736330498,0.6529171304998449
speaker_disjoint_split,text_plus_graph,0.394637,0.5578512396694215,0.5183075671277462,0.8602295746117489,0.6468646864686468,0.6529171304998449
speaker_disjoint_split,text_plus_graph,0.406756,0.575333757151939,0.5317843051293293,0.8190411883862255,0.644869750132908,0.6529171304998449
speaker_disjoint_split,text_plus_graph,0.417897,0.5915448188175461,0.5465779467680608,0.7765023632680621,0.6415620641562064,0.6529171304998449
speaker_disjoint_split,text_plus_graph,0.429961,0.6007628734901462,0.5583809029579657,0.7265361242403782,0.6314553990610329,0.6529171304998449
speaker_disjoint_split,text_plus_graph,0.43941,0.608709472345836,0.5714285714285714,0.675219446320054,0.6190034045187248,0.6529171304998449
speaker_disjoint_split,text_plus_graph,0.448379,0.6134774316592498,0.5842339478703115,0.6205266711681297,0.601833660772757,0.6529171304998449
speaker_disjoint_split,text_plus_graph,0.456955,0.6106166560712015,0.5916905444126075,0.5577312626603647,0.5742092457420924,0.6529171304998449
speaker_disjoint_split,text_plus_graph,0.46552,0.6039415130324222,0.5963904840032814,0.49088453747467925,0.5385185185185185,0.6529171304998449
speaker_disjoint_split,text_plus_graph,0.473511,0.6068022886204705,0.6170825335892515,0.43416610398379474,0.5097106619104241,0.6529171304998449
speaker_disjoint_split,text_plus_graph,0.482226,0.6090273363000636,0.6450867052023121,0.37677245104659013,0.47570332480818417,0.6529171304998449
speaker_disjoint_split,text_plus_graph,0.492491,0.6004450095359186,0.6627906976744186,0.30790006752194465,0.42047026279391425,0.6529171304998449
speaker_disjoint_split,text_plus_graph,0.504917,0.5851875397329943,0.671875,0.23227548953409857,0.3452082288008028,0.6529171304998449
speaker_disjoint_split,text_plus_graph,0.520681,0.5696122059758424,0.6895522388059702,0.15597569209993248,0.2544052863436123,0.6529171304998449
speaker_disjoint_split,text_plus_graph,0.550946,0.5502225047679593,0.7088607594936709,0.07562457798784605,0.1366687004270897,0.6529171304998449
