id,speaker,label,is_low_truth,prob,pred
11972.json,rick-perry,true,0,0.6120184,1
11685.json,katrina-shankland,false,1,0.31511727,0
11096.json,donald-trump,false,1,0.6847619,1
5209.json,rob-cornilles,half-true,0,0.79797816,1
9524.json,state-democratic-party-wisconsin,pants-fire,1,0.5674423,1
5962.json,brendan-doherty,true,0,0.21359389,0
7070.json,stand-children-tennessee,true,0,0.25660065,0
1046.json,john-boehner,barely-true,1,0.5259097,1
12849.json,sean-patrick-maloney,true,0,0.3933404,0
13270.json,mike-pence,barely-true,1,0.46336728,0
6649.json,mike-berlon,barely-true,1,0.24642669,0
2508.json,bill-flores,barely-true,1,0.7974647,1
11269.json,viral-image,pants-fire,1,0.6744692,1
11200.json,facebook-posts,false,1,0.1988358,0
8047.json,chris-abele,half-true,0,0.52818775,1
4888.json,rick-santorum,true,0,0.2464247,0
3331.json,tom-niehaus,pants-fire,1,0.72839296,1
9198.json,marsha-blackburn,half-true,0,0.22600873,0
73.json,hillary-clinton,true,0,0.41423568,0
1328.json,sarah-palin,false,1,0.2580185,0
12169.json,chris-sgro,mostly-true,0,0.5955743,1
5244.json,marco-rubio,half-true,0,0.28366825,0
12996.json,donald-trump,pants-fire,1,0.39535463,0
8162.json,marijuana-policy-project,mostly-true,0,0.30496302,0
10064.json,republican-party-florida,false,1,0.80957025,1
1084.json,lindsey-graham,true,0,0.26118723,0
13231.json,hillary-clinton,barely-true,1,0.76552767,1
13089.json,republican-national-committee-republican,half-true,0,0.2217802,0
1051.json,mike-pence,true,0,0.69352424,1
4161.json,cliff-stearns,mostly-true,0,0.22781372,0
11966.json,cory-gardner,false,1,0.19616555,0
9800.json,sarah-palin,false,1,0.62386763,1
816.json,barack-obama,half-true,0,0.48388818,0
2646.json,democratic-congressional-campaign-committee,half-true,0,0.48267293,0
12381.json,mamie-locke,true,0,0.30502352,0
8567.json,herman-cain,half-true,0,0.68001646,1
9092.json,rick-scott,barely-true,1,0.47679365,0
10055.json,jeanne-shaheen,mostly-true,0,0.5165495,1
4513.json,dennis-kucinich,true,0,0.27131087,0
10340.json,kevin-brady,true,0,0.15826742,0
6849.json,mitt-romney,barely-true,1,0.7051921,1
10971.json,doonesbury,half-true,0,0.7364216,1
13251.json,donald-trump,pants-fire,1,0.24111487,0
7545.json,drew-springer,barely-true,1,0.32685643,0
4929.json,michele-bachmann,mostly-true,0,0.19749463,0
6239.json,robert-menendez,barely-true,1,0.2268143,0
266.json,hillary-clinton,half-true,0,0.3404378,0
8841.json,barack-obama,mostly-true,0,0.20756145,0
6313.json,steve-brown,false,1,0.38126707,0
9550.json,hillary-clinton,barely-true,1,0.70596355,1
9612.json,republican-party-florida,half-true,0,0.5155421,1
13272.json,national-rifle-association,barely-true,1,0.4974528,0
7562.json,jeb-bush,mostly-true,0,0.14677945,0
3121.json,david-dewhurst,half-true,0,0.15258874,0
9578.json,jeff-flake,false,1,0.32982516,0
4553.json,committee-our-childrens-future,half-true,0,0.20952138,0
2356.json,steven-costantino,mostly-true,0,0.3575683,0
3453.json,hank-johnson,half-true,0,0.6417052,1
1066.json,michele-bachmann,pants-fire,1,0.6864698,1
2092.json,russell-pearce,pants-fire,1,0.24017471,0
7442.json,barack-obama,barely-true,1,0.79670686,1
9910.json,chris-matthews,barely-true,1,0.6608392,1
11083.json,carlos-curbelo,true,0,0.6386965,1
11443.json,steven-costantino,false,1,0.6454299,1
11539.json,ezekiel-emanuel,half-true,0,0.5109941,1
2966.json,sherrod-brown,false,1,0.734354,1
13367.json,patrick-murphy,mostly-true,0,0.69702536,1
1087.json,joe-biden,mostly-true,0,0.26324445,0
267.json,bill-richardson,true,0,0.32109424,0
4272.json,lloyd-doggett,true,0,0.10843965,0
8849.json,ian-prior,half-true,0,0.18106407,0
12542.json,priorities-usa-action,half-true,0,0.19406477,0
8372.json,david-pennington,barely-true,1,0.3399162,0
3518.json,tim-pawlenty,mostly-true,0,0.100344576,0
8340.json,ted-cruz,false,1,0.6802883,1
10218.json,friends-india-point-park,half-true,0,0.18429998,0
12698.json,reince-priebus,false,1,0.6048917,1
2357.json,scott-walker,false,1,0.7627549,1
7823.json,barbara-buono,half-true,0,0.47225916,0
12541.json,donald-trump,barely-true,1,0.5099223,1
2854.json,carole-smith,pants-fire,1,0.5745488,1
4719.json,H204TEXAS-PAC,half-true,0,0.5464171,1
2072.json,david-cicilline,true,0,0.2890732,0
2885.json,bill-nelson,false,1,0.5533474,1
13334.json,gerald-daugherty,half-true,0,0.23802784,0
4820.json,facebook-posts,half-true,0,0.09065763,0
12309.json,paul-ryan,barely-true,1,0.5720877,1
1420.json,debra-medina,mostly-true,0,0.27101883,0
8761.json,facebook-posts,false,1,0.3860165,0
2491.json,dave-yost,true,0,0.53014576,1
1075.json,democratic-national-committee,barely-true,1,0.26425996,0
9762.json,bob-donovan,true,0,0.5305396,1
5935.json,brett-bittner,barely-true,1,0.23705411,0
2821.json,george-allen,pants-fire,1,0.46093383,0
6370.json,julian-castro,true,0,0.22176601,0
3706.json,mike-bennett,pants-fire,1,0.3215932,0
10163.json,james-carr,true,0,0.49487215,0
2796.json,safe-routes-schools,false,1,0.73083276,1
6083.json,rick-scott,barely-true,1,0.18372084,0
5913.json,conservative-renewal-pac,barely-true,1,0.56856513,1
934.json,barack-obama,true,0,0.20424064,0
2162.json,kasim-reed,barely-true,1,0.21379828,0
3161.json,rachel-maddow,mostly-true,0,0.10027314,0
2679.json,charlie-crist,true,0,0.33845675,0
8929.json,mark-pocan,true,0,0.6180753,1
10040.json,bill-oreilly,half-true,0,0.71063375,1
12398.json,priorities-usa-action,pants-fire,1,0.4219451,0
2690.json,kendrick-meek,pants-fire,1,0.66921973,1
8667.json,bob-schieffer,true,0,0.29807666,0
8941.json,wolf-blitzer,true,0,0.7762933,1
6821.json,chris-christie,pants-fire,1,0.53092676,1
10631.json,william-obrien,false,1,0.84128183,1
6579.json,nikki-haley,half-true,0,0.5291168,1
11400.json,league-conservation-voters,mostly-true,0,0.45939353,0
3228.json,cenk-uygur,true,0,0.41271415,0
9746.json,mark-emmert,half-true,0,0.12502125,0
1915.json,donna-campbell,false,1,0.80612016,1
12456.json,pat-toomey,barely-true,1,0.2854664,0
4856.json,democratic-national-committee,half-true,0,0.12648062,0
4698.json,americans-prosperity-new-jersey,false,1,0.70386565,1
2585.json,christine-odonnell,barely-true,1,0.45087263,0
6604.json,crossroads-gps,barely-true,1,0.25427374,0
4495.json,michele-bachmann,pants-fire,1,0.3774891,0
8406.json,ted-cruz,barely-true,1,0.7908809,1
10147.json,jason-carter,false,1,0.658264,1
10623.json,mark-pocan,mostly-true,0,0.39468282,0
2277.json,roy-barnes,half-true,0,0.67270607,1
8146.json,al-sharpton,mostly-true,0,0.19271243,0
6026.json,scott-walker,half-true,0,0.50534946,1
13056.json,national-republican-congressional-committee,true,0,0.27689517,0
1103.json,glenn-beck,pants-fire,1,0.5698179,1
4444.json,gail-collins,mostly-true,0,0.5384929,1
9269.json,matt-bevin,false,1,0.46371505,0
4105.json,shelly-moore,pants-fire,1,0.8156595,1
8533.json,frank-fahrenkopf,barely-true,1,0.56935364,1
6950.json,connie-mack,mostly-true,0,0.36709654,0
13125.json,donald-trump,barely-true,1,0.6899317,1
8294.json,nan-rich,mostly-true,0,0.25622046,0
9908.json,mike-wise,mostly-true,0,0.36518988,0
12424.json,todd-wilcox,false,1,0.5961604,1
4309.json,democratic-party-virginia,false,1,0.35432124,0
110.json,fred-thompson,false,1,0.55893594,1
7677.json,ohio-public-defenders-office,mostly-true,0,0.5342622,1
4780.json,jim-webb,true,0,0.14579175,0
715.json,sarah-palin,false,1,0.64584124,1
3107.json,dean-cannon,true,0,0.16687137,0
7565.json,steve-latourette,mostly-true,0,0.5091181,1
8606.json,ron-johnson,half-true,0,0.23858464,0
3869.json,chris-christie,half-true,0,0.578915,1
10948.json,occupy-democrats,false,1,0.464113,0
12210.json,dan-forest,false,1,0.6507941,1
4119.json,barack-obama,mostly-true,0,0.13989139,0
7272.json,hank-johnson,barely-true,1,0.73372954,1
12236.json,hillary-clinton,half-true,0,0.19007729,0
4016.json,alberta-darling,false,1,0.6747797,1
6765.json,joaquin-castro,true,0,0.123154685,0
11867.json,ted-cruz,false,1,0.66379243,1
11777.json,paul-ryan,true,0,0.22234266,0
9051.json,chain-email,pants-fire,1,0.65680534,1
4243.json,jon-huntsman,mostly-true,0,0.20983735,0
7818.json,carolyn-tomei,mostly-true,0,0.40255824,0
10871.json,gina-hinojosa,half-true,0,0.12475486,0
4710.json,john-lee,half-true,0,0.13158105,0
9507.json,steve-doocy,pants-fire,1,0.5419174,1
11324.json,dale-kooyenga,mostly-true,0,0.2793618,0
6046.json,jim-renacci,false,1,0.6784894,1
8434.json,mark-obenshain,barely-true,1,0.63352215,1
3637.json,donald-trump,mostly-true,0,0.13893238,0
7744.json,george-lavender,mostly-true,0,0.5797332,1
2897.json,lee-holloway,barely-true,1,0.5121307,1
6060.json,jeanne-shaheen,barely-true,1,0.1247828,0
603.json,john-mccain,false,1,0.46600458,0
11545.json,bernie-s,mostly-true,0,0.16323794,0
10448.json,florida-chamber-commerce,half-true,0,0.39807925,0
5461.json,newt-gingrich,true,0,0.36074588,0
6684.json,its-still-bad-idea,pants-fire,1,0.44984558,0
450.json,hillary-clinton,barely-true,1,0.6860095,1
769.json,sarah-palin,true,0,0.3175486,0
6425.json,eric-hovde,half-true,0,0.43934867,0
502.json,barack-obama,true,0,0.23559892,0
11711.json,donald-trump,true,0,0.38941514,0
5470.json,heather-fiorentino,true,0,0.089771606,0
8869.json,scott-surovell,mostly-true,0,0.21898821,0
8159.json,wendy-davis,half-true,0,0.30275014,0
6884.json,american-crossroads,half-true,0,0.3305963,0
10250.json,david-hallock,false,1,0.1878957,0
10757.json,marco-rubio,false,1,0.7244868,1
8320.json,charlie-crist,mostly-true,0,0.41691157,0
5472.json,red-white-and-blue-fund,false,1,0.2139788,0
5505.json,lenny-curry,true,0,0.43477064,0
12427.json,job-itkzkowitz,mostly-true,0,0.24882945,0
11464.json,viral-image,barely-true,1,0.32278404,0
11778.json,donald-trump,barely-true,1,0.20415857,0
12961.json,reince-priebus,false,1,0.3869003,0
10269.json,facebook-posts,barely-true,1,0.45951524,0
2833.json,rick-perry,half-true,0,0.23470306,0
6110.json,rick-perry,half-true,0,0.6726832,1
13400.json,eric-greitens,barely-true,1,0.48512566,0
1251.json,jay-rockefeller,true,0,0.30113342,0
6112.json,jeff-merkley,mostly-true,0,0.15839906,0
6431.json,jay-carney,false,1,0.20551786,0
2615.json,rob-portman,false,1,0.31030187,0
3709.json,robert-watson,false,1,0.6440517,1
2652.json,kathie-glass,pants-fire,1,0.30226195,0
9146.json,linda-finn,mostly-true,0,0.16824313,0
184.json,barack-obama,false,1,0.3056028,0
11764.json,state-democratic-party-wisconsin,pants-fire,1,0.14973673,0
7692.json,dan-patrick,mostly-true,0,0.3570166,0
7876.json,chain-email,pants-fire,1,0.6313964,1
5171.json,rick-santorum,false,1,0.5878148,1
12950.json,independent-voice-illinois-pac,barely-true,1,0.42440954,0
11185.json,carly-fiorina,barely-true,1,0.71001184,1
2412.json,republican-party-florida,false,1,0.48654556,0
3215.json,scott-suder,pants-fire,1,0.7654261,1
948.json,john-boehner,true,0,0.4943036,0
11766.json,wendy-davis,half-true,0,0.32534474,0
592.json,john-mccain,barely-true,1,0.72459805,1
5732.json,mitt-romney,barely-true,1,0.7758144,1
12745.json,donald-trump,half-true,0,0.2776194,0
5017.json,john-boehner,barely-true,1,0.7468611,1
12331.json,enterprise-florida,barely-true,1,0.29909024,0
10424.json,barack-obama,mostly-true,0,0.1521799,0
9091.json,facebook-posts,false,1,0.29260695,0
2547.json,lloyd-doggett,true,0,0.6463947,1
12571.json,paul-ryan,mostly-true,0,0.44792438,0
7810.json,rick-scott,mostly-true,0,0.1329377,0
10935.json,motion-picture-association-america,mostly-true,0,0.12480973,0
8433.json,milly-silva,mostly-true,0,0.21479897,0
7087.json,robin-vos,mostly-true,0,0.21176313,0
1025.json,michele-bachmann,false,1,0.18112168,0
6386.json,democratic-congressional-campaign-committee,barely-true,1,0.6219906,1
2844.json,jeff-scrima,half-true,0,0.5592451,1
2392.json,george-will,barely-true,1,0.29101738,0
4708.json,nina-turner,true,0,0.25109145,0
8676.json,florida-democratic-party,barely-true,1,0.4641736,0
8809.json,jason-carter,true,0,0.13206553,0
4095.json,barack-obama,mostly-true,0,0.26527897,0
13102.json,hillary-clinton,half-true,0,0.75533855,1
12167.json,bernie-s,barely-true,1,0.6524115,1
2876.json,john-kasich,mostly-true,0,0.082185164,0
4769.json,john-birch-society,half-true,0,0.56042236,1
1760.json,rick-perry,barely-true,1,0.13126585,0
12943.json,donald-trump,half-true,0,0.837143,1
6513.json,special-operations-opsec-education-fund,false,1,0.6871632,1
7780.json,barack-obama,barely-true,1,0.5753605,1
7418.json,jon-bramnick,mostly-true,0,0.32356775,0
2777.json,michael-bloomberg,mostly-true,0,0.14231984,0
8853.json,rand-paul,false,1,0.44799888,0
7758.json,bill-richardson,mostly-true,0,0.23582156,0
11796.json,donald-trump,half-true,0,0.7982928,1
11573.json,hillary-clinton,half-true,0,0.35399878,0
9521.json,ted-cruz,half-true,0,0.54791427,1
10208.json,anna-kooiman,barely-true,1,0.54437035,1
5756.json,barack-obama,half-true,0,0.2251376,0
1569.json,george-will,mostly-true,0,0.26969808,0
11805.json,virginia-center-public-safety,true,0,0.15095304,0
805.json,john-mccain,mostly-true,0,0.42295465,0
8030.json,tweets,barely-true,1,0.5530938,1
7678.json,clean-water-portland,false,1,0.17666472,0
139.json,tom-tancredo,mostly-true,0,0.21958469,0
7271.json,john-kitzhaber,true,0,0.15117182,0
11409.json,dave-brat,false,1,0.76117265,1
688.json,fred-thompson,false,1,0.30247638,0
3726.json,one-wisconsin-now,mostly-true,0,0.26888588,0
7461.json,arne-duncan,barely-true,1,0.7667428,1
5363.json,us-chamber-commerce,false,1,0.8288169,1
9942.json,george-will,true,0,0.19649264,0
3575.json,scott-walker,true,0,0.53292465,1
2205.json,gen-peter-chiarelli,true,0,0.23356244,0
7552.json,jeff-mullis,mostly-true,0,0.36859602,0
7135.json,association-mature-american-citizens,pants-fire,1,0.8016429,1
384.json,votevetsorg,true,0,0.36312163,0
13007.json,sean-hannity,true,0,0.1736718,0
12994.json,hilary-rosen,mostly-true,0,0.69707876,1
3436.json,matt-gaetz,false,1,0.5769325,1
5810.json,citizens-transportation-mobility,mostly-true,0,0.20319968,0
6141.json,tommy-thompson,pants-fire,1,0.70423406,1
6.json,chris-dodd,half-true,0,0.6210808,1
9891.json,ted-cruz,half-true,0,0.5741697,1
1971.json,john-albers,false,1,0.29160762,0
7008.json,mitt-romney,mostly-true,0,0.22527951,0
8963.json,matt-bevin,pants-fire,1,0.5645684,1
13040.json,russ-feingold,half-true,0,0.52030325,1
8151.json,rand-paul,false,1,0.19612463,0
6236.json,eric-hovde,barely-true,1,0.12481987,0
6974.json,tennessee-republican-party,false,1,0.6404207,1
6879.json,josh-mandel,barely-true,1,0.52305514,1
11639.json,jeb-bush,mostly-true,0,0.57760215,1
9343.json,dick-cheney,barely-true,1,0.50635016,1
422.json,hillary-clinton,half-true,0,0.52664906,1
1448.json,barack-obama,half-true,0,0.39983365,0
737.json,barack-obama,false,1,0.20300312,0
10516.json,dave-claunch,mostly-true,0,0.15640801,0
4750.json,allen-west,false,1,0.6985734,1
8604.json,chain-email,false,1,0.5147703,1
729.json,john-mccain,half-true,0,0.6814333,1
12702.json,mike-cernovich,pants-fire,1,0.756056,1
8901.json,van-jones,true,0,0.35656324,0
11546.json,richard-paglia,half-true,0,0.20744692,0
1353.json,john-murtha,barely-true,1,0.23060434,0
5938.json,mark-neumann,false,1,0.7114222,1
12158.json,rick-scott,barely-true,1,0.3886607,0
656.json,joe-biden,mostly-true,0,0.14053579,0
10085.json,larry-pressler,false,1,0.30086756,0
5824.json,jennifer-carroll,false,1,0.7693938,1
5753.json,lisa-tomasso,true,0,0.23128271,0
5512.json,stephen-laffey,false,1,0.50943506,1
125.json,mitt-romney,mostly-true,0,0.17550115,0
6010.json,lenny-curry,half-true,0,0.26238486,0
727.json,john-mccain,mostly-true,0,0.24912314,0
42.json,rudy-giuliani,barely-true,1,0.12489291,0
8511.json,sid-covington,half-true,0,0.4661349,0
6262.json,democratic-congressional-campaign-committee,pants-fire,1,0.8257392,1
9502.json,barack-obama,mostly-true,0,0.31400663,0
11351.json,jennifer-shilling,mostly-true,0,0.15111336,0
8558.json,kenneth-block,false,1,0.31715858,0
12084.json,donald-trump,true,0,0.7173761,1
568.json,barack-obama,true,0,0.5115345,1
7537.json,sean-duffy,half-true,0,0.14148876,0
9708.json,rick-perry,pants-fire,1,0.14691822,0
7524.json,jamie-radtke,half-true,0,0.6364623,1
4537.json,rick-perry,mostly-true,0,0.1853272,0
8549.json,city-austin,barely-true,1,0.27735806,0
11736.json,jeb-bush,half-true,0,0.24541141,0
8062.json,barack-obama,half-true,0,0.19566384,0
3158.json,john-kitzhaber,mostly-true,0,0.3892772,0
10794.json,robert-hurt,false,1,0.38102606,0
12461.json,blog-posting,true,0,0.82941705,1
8609.json,kurt-schrader,half-true,0,0.57162195,1
63.json,chris-dodd,mostly-true,0,0.1361864,0
6560.json,jeb-bush,true,0,0.37777165,0
3546.json,john-boehner,half-true,0,0.4272364,0
3036.json,national-federation-independent-business-wiscons,false,1,0.58715737,1
11910.json,ben-carson,pants-fire,1,0.66477877,1
4101.json,marco-rubio,mostly-true,0,0.595753,1
10175.json,scott-walker,mostly-true,0,0.20832467,0
4593.json,edd-houck,false,1,0.60900444,1
5985.json,anastasia-williams,false,1,0.31110716,0
1881.json,thomas-melsheimer,barely-true,1,0.21513939,0
204.json,mitt-romney,false,1,0.33977503,0
10091.json,Rhode_Island_Catholic,true,0,0.3441717,0
1409.json,kay-bailey-hutchison,false,1,0.50432336,1
2769.json,childrens-healthcare-atlanta,true,0,0.14950453,0
2600.json,betty-sutton,mostly-true,0,0.21006739,0
4822.json,rebecca-kleefisch,half-true,0,0.49255547,0
5536.json,stephen-sweeney,half-true,0,0.838352,1
2911.json,dennis-kucinich,false,1,0.46011198,0
12787.json,donald-trump,half-true,0,0.60835665,1
2442.json,delia-lopez,pants-fire,1,0.69201154,1
3489.json,greater-wisconsin-political-fund,barely-true,1,0.58633596,1
12006.json,paul-ryan,false,1,0.27030373,0
9109.json,ed-schultz,barely-true,1,0.7737048,1
12661.json,cory-booker,mostly-true,0,0.20549707,0
6447.json,gail-collins,half-true,0,0.759514,1
2983.json,sam-adams,true,0,0.16084707,0
13467.json,political-insider,pants-fire,1,0.77391946,1
921.json,barack-obama,false,1,0.69403994,1
9141.json,charles-krauthammer,barely-true,1,0.66140115,1
12648.json,freedom-partners-action-fund,barely-true,1,0.54732114,1
3674.json,troy-fraser,pants-fire,1,0.33677736,0
6577.json,scott-walker,half-true,0,0.22508886,0
8240.json,james-oneil,false,1,0.37410673,0
9405.json,rick-scott,mostly-true,0,0.28620386,0
1892.json,john-boehner,true,0,0.26259214,0
2754.json,john-boccieri,half-true,0,0.62230086,1
31.json,tommy-thompson,true,0,0.4217958,0
4711.json,lloyd-doggett,mostly-true,0,0.47404647,0
664.json,hillary-clinton,false,1,0.5739527,1
1199.json,national-right-life-committee,true,0,0.5579252,1
11865.json,adrian-garcia,barely-true,1,0.31380326,0
87.json,barack-obama,true,0,0.58338654,1
9312.json,rick-santorum,mostly-true,0,0.3131152,0
10638.json,tyrone-brooks,half-true,0,0.639167,1
3021.json,david-wyss,true,0,0.42935857,0
379.json,hillary-clinton,true,0,0.17335899,0
5272.json,ron-paul,half-true,0,0.41627648,0
683.json,rudy-giuliani,true,0,0.32991225,0
1781.json,linda-chavez-thompson,true,0,0.12964888,0
11687.json,jeb-bush,mostly-true,0,0.607502,1
2975.json,kay-bailey-hutchison,half-true,0,0.1381846,0
771.json,sarah-palin,barely-true,1,0.36970037,0
3991.json,scott-walker,half-true,0,0.34110758,0
11923.json,hillary-clinton,half-true,0,0.7792706,1
10749.json,gwyneth-paltrow,barely-true,1,0.31714806,0
3946.json,doug-whitsett,half-true,0,0.5500579,1
7834.json,mark-pocan,true,0,0.4225544,0
6290.json,ohio-republican-party,half-true,0,0.7458724,1
1477.json,chain-email,false,1,0.81712604,1
10881.json,chris-taylor,mostly-true,0,0.42560494,0
4396.json,george-allen,mostly-true,0,0.5822854,1
6206.json,chris-christie,true,0,0.42956224,0
9970.json,jason-carter,true,0,0.27141437,0
4353.json,sherrod-brown,true,0,0.5429174,1
1394.json,texas-democratic-party,false,1,0.44203404,0
7695.json,johnny-isakson,true,0,0.7110035,1
4770.json,mitt-romney,barely-true,1,0.6981871,1
1052.json,john-mccain,true,0,0.6415626,1
5249.json,donald-mceachin,false,1,0.8202633,1
3700.json,stephen-ucci,false,1,0.52542055,1
8683.json,peter-orszag,true,0,0.257073,0
12798.json,harry-reid,barely-true,1,0.60241336,1
4838.json,george-lemieux,half-true,0,0.51920587,1
7680.json,dianne-feinstein,mostly-true,0,0.14353162,0
1999.json,charlie-crist,true,0,0.42140108,0
12873.json,viral-image,pants-fire,1,0.12884843,0
9683.json,peter-lavelle,pants-fire,1,0.7297507,1
6660.json,barack-obama,mostly-true,0,0.27518767,0
13527.json,reince-priebus,false,1,0.61560935,1
2626.json,edwin-pacheco,false,1,0.629343,1
2814.json,john-kasich,half-true,0,0.25836873,0
7598.json,john-lewis,half-true,0,0.40089136,0
2746.json,matt-wand,barely-true,1,0.62188,1
12448.json,donald-trump,barely-true,1,0.6618243,1
3232.json,matt-lundy,true,0,0.31209886,0
11226.json,jim-webb,mostly-true,0,0.43816483,0
487.json,hillary-clinton,barely-true,1,0.43141243,0
6858.json,dan-sebring,mostly-true,0,0.60800314,1
8701.json,state-democratic-party-wisconsin,false,1,0.63695157,1
10606.json,jeb-bush,barely-true,1,0.2583522,0
9016.json,tom-graves,half-true,0,0.20871583,0
2371.json,john-mccain,barely-true,1,0.69598955,1
12065.json,donald-trump,true,0,0.33356494,0
2362.json,barack-obama,mostly-true,0,0.36916742,0
2868.json,jim-doyle,false,1,0.55967957,1
13305.json,donald-trump,true,0,0.7087655,1
8503.json,jonathan-karl,true,0,0.17627369,0
2428.json,republican-governors-association,half-true,0,0.15536563,0
636.json,barack-obama,true,0,0.3298633,0
5758.json,afscme,barely-true,1,0.5895485,1
2793.json,greg-abbott,mostly-true,0,0.14034194,0
9426.json,john-oliver,true,0,0.29084736,0
5898.json,george-lemieux,barely-true,1,0.7236815,1
11218.json,marco-rubio,mostly-true,0,0.29675934,0
12703.json,unicef,mostly-true,0,0.38993558,0
5462.json,campaign-primary-accountability,false,1,0.7916791,1
1955.json,michael-j-gardiner,pants-fire,1,0.5888289,1
11647.json,george-will,mostly-true,0,0.1645918,0
11139.json,jeb-bush,mostly-true,0,0.112836175,0
1648.json,barack-obama,mostly-true,0,0.5200626,1
5371.json,rick-santorum,false,1,0.16048932,0
4425.json,john-kasich,barely-true,1,0.2618628,0
2498.json,bill-white,mostly-true,0,0.17286426,0
4131.json,brian-kemp,true,0,0.3219959,0
2341.json,mark-neumann,mostly-true,0,0.8014119,1
5551.json,dennis-richardson,half-true,0,0.2459106,0
757.json,john-mccain,half-true,0,0.22521104,0
11519.json,tammy-baldwin,true,0,0.12747686,0
5785.json,chain-email,pants-fire,1,0.843584,1
2284.json,glenn-beck,pants-fire,1,0.7754961,1
12650.json,donald-trump,barely-true,1,0.55829835,1
9480.json,erin-lynch,barely-true,1,0.53491473,1
643.json,joe-biden,half-true,0,0.16484913,0
11242.json,nicholas-kristof,true,0,0.11805264,0
7038.json,sherrod-brown,true,0,0.17642577,0
6772.json,Yes-on-79,pants-fire,1,0.30466333,0
7952.json,jeff-sessions,false,1,0.48027843,0
13134.json,hillary-clinton,half-true,0,0.33444285,0
2181.json,james-langevin,half-true,0,0.23670945,0
9629.json,john-kerry,mostly-true,0,0.45503926,0
3668.json,richard-saslaw,false,1,0.54182494,1
11327.json,marco-rubio,mostly-true,0,0.53153336,1
3818.json,adam-hasner,mostly-true,0,0.6318982,1
2218.json,todd-staples,half-true,0,0.127359,0
11562.json,donald-trump,pants-fire,1,0.50132394,1
9622.json,mitch-mcconnell,true,0,0.21337794,0
9995.json,mary-burke,mostly-true,0,0.28210664,0
7344.json,paul-ryan,barely-true,1,0.42729908,0
5840.json,americans-prosperity,false,1,0.5533405,1
1576.json,americas-health-insurance-plans,true,0,0.37610686,0
13127.json,hillary-clinton,mostly-true,0,0.1823466,0
12098.json,john-kasich,mostly-true,0,0.41864043,0
12272.json,hillary-clinton,mostly-true,0,0.6640132,1
5993.json,conservative-voters-texas-pac,pants-fire,1,0.7090027,1
9285.json,laura-ingraham,false,1,0.7116188,1
7165.json,libertarian-party-georgia,half-true,0,0.1447339,0
11025.json,maggie-hassan,false,1,0.32575127,0
7577.json,deborah-gist,mostly-true,0,0.3515509,0
2719.json,bill-white,barely-true,1,0.26107034,0
3631.json,kathleen-angelucci,barely-true,1,0.4017553,0
7211.json,john-boehner,false,1,0.18184969,0
1480.json,glenn-beck,barely-true,1,0.31688586,0
1512.json,marco-rubio,half-true,0,0.3589769,0
10517.json,nathan-deal,half-true,0,0.11694724,0
5723.json,allen-west,pants-fire,1,0.26738012,0
7378.json,marco-rubio,half-true,0,0.695598,1
531.json,john-mccain,mostly-true,0,0.17869247,0
474.json,barack-obama,barely-true,1,0.814812,1
2250.json,rick-scott,false,1,0.49464294,0
126.json,joe-biden,mostly-true,0,0.4149476,0
10646.json,juda-engelmayer,pants-fire,1,0.44220608,0
1823.json,chris-matthews,true,0,0.3244265,0
9731.json,rick-scott,barely-true,1,0.43106163,0
9594.json,facebook-posts,pants-fire,1,0.4613221,0
12026.json,jim-kenney,half-true,0,0.728478,1
5971.json,cory-booker,false,1,0.510639,1
6857.json,mitt-romney,false,1,0.43857145,0
3112.json,mario-gallegos,half-true,0,0.5499513,1
11832.json,bob,pants-fire,1,0.7204048,1
2337.json,rick-scott,half-true,0,0.8353022,1
10853.json,hillary-clinton,false,1,0.17479576,0
9050.json,dan-pfeiffer,mostly-true,0,0.5242829,1
9427.json,robin-vos,mostly-true,0,0.4581362,0
2830.json,paul-krugman,half-true,0,0.43483472,0
9756.json,alison-lundergan-grimes,half-true,0,0.2259824,0
6532.json,barack-obama,mostly-true,0,0.32958364,0
4805.json,kurt-schuller,false,1,0.55309117,1
3648.json,miguel-diaz-de-la-portilla,false,1,0.295542,0
4994.json,newt-gingrich,half-true,0,0.5922601,1
4715.json,democratic-national-committee,half-true,0,0.53919643,1
526.json,john-mccain,barely-true,1,0.21773781,0
8673.json,pam-bondi,true,0,0.40278718,0
9273.json,brian-wilson,pants-fire,1,0.44704852,0
9973.json,emma-watson,half-true,0,0.27083406,0
3.json,bill-richardson,mostly-true,0,0.10179906,0
9197.json,jim-demint,false,1,0.12213352,0
9610.json,jack-kingston,false,1,0.27949065,0
1150.json,orrin-hatch,half-true,0,0.15894124,0
2087.json,dennis-kucinich,true,0,0.26747543,0
7051.json,betty-sutton,half-true,0,0.49832067,0
8035.json,robert-reich,false,1,0.49487415,0
1329.json,ed-rendell,barely-true,1,0.51034683,1
1574.json,americans-united-change,mostly-true,0,0.6705704,1
6745.json,mitt-romney,mostly-true,0,0.62830806,1
4289.json,sam-adams,half-true,0,0.25972208,0
4383.json,dennis-richardson,false,1,0.2982692,0
12089.json,katie-mcginty,mostly-true,0,0.1553038,0
12976.json,sean-hannity,false,1,0.3646616,0
5170.json,lou-greenwald,true,0,0.16758305,0
6976.json,george-allen,true,0,0.18704069,0
7838.json,chain-email,pants-fire,1,0.7285899,1
2643.json,scott-walker,false,1,0.5520723,1
1810.json,todd-staples,half-true,0,0.57548946,1
10097.json,Local-799-international-assoc-fire-fighters,pants-fire,1,0.7921924,1
13236.json,tim-kaine,barely-true,1,0.3531746,0
2568.json,doug-ainge,false,1,0.6845706,1
12833.json,dave-brat,false,1,0.7875514,1
1894.json,donna-brazile,half-true,0,0.42408755,0
7881.json,kirsten-gillibrand,mostly-true,0,0.4278116,0
5603.json,glenn-grothman,true,0,0.30695865,0
5759.json,anonymous-flier,false,1,0.35396814,0
6207.json,chris-christie,half-true,0,0.16892572,0
2149.json,kendrick-meek,false,1,0.53963333,1
2445.json,mahmoud-ahmadinejad,false,1,0.2842406,0
5910.json,john-ludlow,half-true,0,0.5062242,1
2596.json,john-kitzhaber,half-true,0,0.6753324,1
10399.json,rand-paul,false,1,0.42549917,0
792.json,john-mccain,half-true,0,0.53159606,1
12929.json,julian-castro,true,0,0.21482575,0
12791.json,democratic-congressional-campaign-committee,barely-true,1,0.2926778,0
9003.json,rick-scott,barely-true,1,0.19542316,0
3811.json,scott-fitzgerald,false,1,0.64628327,1
3399.json,morgan-griffith,false,1,0.5055948,1
11229.json,glen-sturtevant,true,0,0.13252148,0
3800.json,herman-cain,false,1,0.5585106,1
10283.json,bernie-s,mostly-true,0,0.08627264,0
352.json,hillary-clinton,mostly-true,0,0.3651019,0
4134.json,alan-hays,false,1,0.79695445,1
5278.json,jim-jordan,half-true,0,0.17762695,0
2165.json,sam-olens,half-true,0,0.5585194,1
7448.json,kasim-reed,true,0,0.14897446,0
12987.json,jimmy-carter,true,0,0.51378864,1
5132.json,georgia-democrats,half-true,0,0.8107733,1
13329.json,kellyanne-conway,barely-true,1,0.5253036,1
4588.json,rick-perry,true,0,0.4257881,0
6455.json,warren-kampf,mostly-true,0,0.23628174,0
10282.json,jesse-ventura,pants-fire,1,0.8287425,1
211.json,john-mccain,true,0,0.43301377,0
7676.json,michael-chippendale,barely-true,1,0.34057787,0
1873.json,chain-email,false,1,0.4324201,0
2443.json,john-kasich,half-true,0,0.2814557,0
3841.json,tim-pawlenty,half-true,0,0.22044906,0
12284.json,bernie-s,mostly-true,0,0.37053543,0
7197.json,john-kitzhaber,mostly-true,0,0.4624427,0
12858.json,barack-obama,half-true,0,0.47507146,0
2633.json,mark-kirk,half-true,0,0.422705,0
6041.json,jack-latvala,half-true,0,0.09605302,0
3414.json,bernie-s,false,1,0.2392807,0
4323.json,thaddeus-mccotter,mostly-true,0,0.17775877,0
1679.json,robert-gates,half-true,0,0.42078814,0
275.json,rudy-giuliani,barely-true,1,0.46540552,0
13208.json,jason-kander,mostly-true,0,0.48118564,0
5911.json,rob-portman,half-true,0,0.71030885,1
4277.json,reince-priebus,false,1,0.2987458,0
752.json,barack-obama,half-true,0,0.28141946,0
2601.json,kurt-schrader,false,1,0.20030622,0
1450.json,debra-medina,half-true,0,0.73823315,1
5653.json,andrew-napolitano,pants-fire,1,0.7157254,1
13046.json,yes-55,barely-true,1,0.4869911,0
3103.json,jamie-radtke,true,0,0.17527471,0
2894.json,glenn-beck,pants-fire,1,0.7413456,1
1012.json,nancy-pelosi,false,1,0.6975624,1
9112.json,facebook-posts,false,1,0.19350174,0
2945.json,jack-kingston,mostly-true,0,0.1668632,0
9944.json,bob-goodlatte,true,0,0.24659166,0
6839.json,tammy-baldwin,barely-true,1,0.25821635,0
3673.json,chris-larson,barely-true,1,0.6237556,1
13058.json,barack-obama,true,0,0.4900866,0
3941.json,rob-portman,half-true,0,0.22047745,0
10917.json,bobby-jindal,false,1,0.69154555,1
13155.json,russ-feingold,false,1,0.596617,1
9301.json,blog-posting,pants-fire,1,0.77506506,1
5486.json,silvestre-reyes,half-true,0,0.7487672,1
4579.json,american-crossroads,false,1,0.51793593,1
10943.json,austin-scott,true,0,0.3290659,0
12728.json,rick-scott,false,1,0.6856626,1
92.json,mitt-romney,half-true,0,0.320418,0
11230.json,bobby-jindal,half-true,0,0.86158866,1
2720.json,american-federation-children,pants-fire,1,0.5416557,1
582.json,barack-obama,true,0,0.43588272,0
13227.json,donald-trump,false,1,0.71555847,1
12052.json,marco-rubio,true,0,0.19855556,0
1010.json,barack-obama,half-true,0,0.32252648,0
1333.json,chain-email,true,0,0.1845539,0
2603.json,hank-gilbert,false,1,0.28962442,0
2731.json,barack-obama,mostly-true,0,0.3341387,0
3434.json,rick-perry,mostly-true,0,0.3275115,0
788.json,john-mccain,mostly-true,0,0.6036075,1
1691.json,julian-assange,half-true,0,0.5775861,1
605.json,john-mccain,false,1,0.1942084,0
6195.json,dan-ramos,false,1,0.18228833,0
1350.json,mitch-mcconnell,true,0,0.46339947,0
7706.json,sheldon-whitehouse,half-true,0,0.44506064,0
12037.json,ron-johnson,half-true,0,0.68331397,1
8710.json,brett-smiley,mostly-true,0,0.16009098,0
960.json,chuck-grassley,half-true,0,0.31156883,0
10544.json,rudy-giuliani,false,1,0.4962014,0
4391.json,kinky-friedman,barely-true,1,0.3433481,0
13186.json,tim-kaine,half-true,0,0.3252207,0
9692.json,ed-macdougall,barely-true,1,0.5471148,1
7401.json,peter-courtney,mostly-true,0,0.34027043,0
13405.json,mike-pence,half-true,0,0.19126943,0
230.json,hillary-clinton,true,0,0.29414862,0
3037.json,tim-kaine,half-true,0,0.32875264,0
207.json,john-mccain,true,0,0.4460127,0
3608.json,mike-ford,false,1,0.797538,1
3789.json,ameripac,barely-true,1,0.48323518,0
7775.json,ron-meyer,half-true,0,0.1370506,0
12160.json,viral-media-reports,barely-true,1,0.716515,1
12870.json,america-rising-now,barely-true,1,0.43639404,0
10069.json,debbie-wasserman-schultz,false,1,0.6610442,1
3366.json,ward-armstrong,true,0,0.25655416,0
10806.json,john-taylor-2,true,0,0.22824442,0
9681.json,bryan-fischer,pants-fire,1,0.72933435,1
1015.json,newt-gingrich,barely-true,1,0.19376417,0
13486.json,rush-limbaugh,half-true,0,0.71401036,1
8798.json,bob-terry,false,1,0.20858231,0
2514.json,phil-gingrey,false,1,0.43651277,0
10633.json,glenn-beck,false,1,0.5938211,1
10883.json,rebecca-quigley,false,1,0.19054444,0
13213.json,kamala-harris,half-true,0,0.3672024,0
5698.json,barack-obama,half-true,0,0.24798329,0
11701.json,lamar-smith,false,1,0.6309355,1
2315.json,blanche-lincoln,barely-true,1,0.6277349,1
4626.json,no-casinos,mostly-true,0,0.24709523,0
11307.json,donald-trump,barely-true,1,0.5945981,1
11925.json,tim-mcginty,true,0,0.625482,1
4259.json,richard-codey,true,0,0.5016471,1
5061.json,chris-christie,pants-fire,1,0.20585203,0
4141.json,ann-marie-buerkle,half-true,0,0.41896826,0
4175.json,debbie-wasserman-schultz,half-true,0,0.38445044,0
9462.json,florida-democratic-party,mostly-true,0,0.18544856,0
3987.json,democratic-congressional-campaign-committee,mostly-true,0,0.6270476,1
293.json,vietnam-veterans-against-john-mccain,pants-fire,1,0.5584997,1
7728.json,chris-christie,mostly-true,0,0.2475176,0
2117.json,susana-martinez,half-true,0,0.47559264,0
4825.json,democratic-national-committee,half-true,0,0.68039244,1
9516.json,greg-abbott,barely-true,1,0.82343626,1
12834.json,donald-trump,false,1,0.67118347,1
3980.json,piers-morgan,false,1,0.76895714,1
3231.json,herman-cain,half-true,0,0.1651779,0
386.json,john-mccain,mostly-true,0,0.29888096,0
11288.json,reid-ribble,half-true,0,0.54960877,1
660.json,mark-warner,half-true,0,0.5141741,1
1106.json,chain-email,true,0,0.39570245,0
2105.json,rick-perry,false,1,0.60257435,1
446.json,focus-family-action,barely-true,1,0.5969354,1
10271.json,keisha-lance-bottoms,mostly-true,0,0.53355,1
4866.json,republican-national-committee-republican,half-true,0,0.56821185,1
8419.json,ted-cruz,false,1,0.61423594,1
3136.json,peter-kilmartin,half-true,0,0.25151947,0
12093.json,mark-herring,barely-true,1,0.12020436,0
317.json,bill-clinton,true,0,0.18047465,0
6295.json,josh-mandel,pants-fire,1,0.7581076,1
6610.json,bob-buckhorn,mostly-true,0,0.34078082,0
5597.json,susan-cole,true,0,0.1691426,0
1234.json,michael-moore,false,1,0.65378076,1
4995.json,jim-sensenbrenner,true,0,0.12799594,0
9095.json,facebook-posts,pants-fire,1,0.42737803,0
10451.json,john-boehner,half-true,0,0.4409029,0
4679.json,rick-perry,half-true,0,0.1557352,0
6011.json,caroline-casagrande,mostly-true,0,0.40860438,0
255.json,chris-dodd,mostly-true,0,0.41298655,0
3664.json,victoria-taft,false,1,0.77083564,1
11262.json,eric-bolling,false,1,0.18607034,0
9388.json,mike-collins,barely-true,1,0.6296774,1
12596.json,hillary-clinton,barely-true,1,0.4378847,0
8689.json,dennis-hastert,half-true,0,0.61827415,1
13420.json,hillary-clinton,true,0,0.3508118,0
11911.json,marco-rubio,barely-true,1,0.23490274,0
5450.json,ron-paul,half-true,0,0.16102165,0
2993.json,rick-perry,mostly-true,0,0.26888987,0
3740.json,tim-kaine,half-true,0,0.08602838,0
12720.json,chris-christie,half-true,0,0.46726727,0
1653.json,democratic-national-committee,half-true,0,0.49976575,0
3731.json,barack-obama,true,0,0.19169831,0
8103.json,rick-kriseman,half-true,0,0.373498,0
1439.json,democratic-national-committee,half-true,0,0.2148306,0
5779.json,michael-adams,half-true,0,0.15378918,0
10567.json,thomas-tobin,false,1,0.38320997,0
10111.json,rick-scott,false,1,0.1667921,0
11256.json,viral-image,mostly-true,0,0.2402732,0
10543.json,scott-walker,false,1,0.59706634,1
7904.json,scott-walker,barely-true,1,0.3075089,0
4709.json,allen-west,barely-true,1,0.67593884,1
8854.json,mary-burke,half-true,0,0.14946696,0
4116.json,john-boehner,false,1,0.8068361,1
5131.json,kriner-cash,mostly-true,0,0.13264804,0
11861.json,sarah-palin,false,1,0.52257305,1
9435.json,hillary-clinton,mostly-true,0,0.28885254,0
12805.json,joe-biden,mostly-true,0,0.30041054,0
9801.json,gina-raimondo,true,0,0.31243122,0
2195.json,rick-perry,false,1,0.60289264,1
11370.json,espn,mostly-true,0,0.36048084,0
9771.json,nextgen-climate,half-true,0,0.37514305,0
3676.json,adam-hasner,mostly-true,0,0.64562994,1
4615.json,tom-kean-jr,half-true,0,0.22432044,0
7742.json,metro,false,1,0.6842762,1
2394.json,republican-governors-association,half-true,0,0.81222814,1
817.json,republican-national-committee-republican,pants-fire,1,0.860685,1
13051.json,paul-wolfowitz,barely-true,1,0.45441106,0
11345.json,tammy-baldwin,half-true,0,0.47192693,0
7387.json,marco-rubio,barely-true,1,0.35043183,0
4400.json,new-hampshire-democratic-party,half-true,0,0.41046208,0
3541.json,armond-budish,half-true,0,0.2777597,0
12187.json,rick-scotts-starbucks-heckler,half-true,0,0.53025687,1
7340.json,barack-obama,true,0,0.16110948,0
10355.json,hank-huckaby,true,0,0.18550983,0
10467.json,rick-perry,half-true,0,0.20718892,0
8089.json,oregon-catalyst,false,1,0.58727926,1
12526.json,larry-yarborough,mostly-true,0,0.73901904,1
10898.json,al-sharpton,barely-true,1,0.6719298,1
7541.json,chris-christie,half-true,0,0.24011742,0
7136.json,john-kitzhaber,barely-true,1,0.22304244,0
6325.json,michael-bloomberg,half-true,0,0.17706013,0
12855.json,richard-durbin,true,0,0.15467986,0
10512.json,leonidas-raptakis,false,1,0.16331418,0
12336.json,colorado-health-institute,mostly-true,0,0.33686453,0
11726.json,dan-patrick,barely-true,1,0.14480323,0
3904.json,brian-deese,half-true,0,0.16372325,0
6774.json,national-rifle-association,mostly-true,0,0.43882924,0
1324.json,rachel-maddow,barely-true,1,0.6877183,1
6813.json,paul-ryan,barely-true,1,0.60687464,1
9737.json,dbanj,false,1,0.27125686,0
6366.json,scott-garrett,barely-true,1,0.7966846,1
9316.json,harry-reid,mostly-true,0,0.19124924,0
992.json,barack-obama,mostly-true,0,0.13745598,0
699.json,john-mccain,half-true,0,0.62300813,1
9033.json,rob-portman,true,0,0.13491939,0
5950.json,mitt-romney,true,0,0.40853664,0
10041.json,dan-patrick,half-true,0,0.6031803,1
5528.json,paul-sadler,true,0,0.20849535,0
8414.json,rick-kriseman,false,1,0.2784269,0
4189.json,national-republican-congressional-committee,false,1,0.75835496,1
9333.json,sean-hannity,half-true,0,0.7535011,1
9052.json,david-dewhurst,mostly-true,0,0.53398114,1
12478.json,sharron-angle,barely-true,1,0.21874899,0
1405.json,glenn-beck,barely-true,1,0.097613186,0
3235.json,barack-obama,false,1,0.6721707,1
1514.json,alex-sink,barely-true,1,0.4934876,0
6919.json,tim-kaine,barely-true,1,0.43036884,0
9774.json,republican-party-florida,false,1,0.7679523,1
5640.json,chain-email,barely-true,1,0.84359014,1
9444.json,mary-burke,barely-true,1,0.63870937,1
12449.json,kelly-ayotte,mostly-true,0,0.58726573,1
4432.json,dan-ramos,mostly-true,0,0.4794995,0
5749.json,greg-abbott,half-true,0,0.20408618,0
8192.json,rene-garcia,barely-true,1,0.17676212,0
7886.json,christine-whitman,mostly-true,0,0.4266751,0
9431.json,americans-safe-access,barely-true,1,0.7738467,1
7721.json,bob-goodlatte,half-true,0,0.4944049,0
2616.json,christine-odonnell,pants-fire,1,0.7720128,1
2122.json,americans-job-security,half-true,0,0.6278418,1
1280.json,charlie-crist,barely-true,1,0.14893423,0
2477.json,steve-southerland,false,1,0.19773342,0
6123.json,eric-hovde,false,1,0.4410813,0
7814.json,new-jersey-state-afl-cio,mostly-true,0,0.18671574,0
901.json,spencer-bachus,false,1,0.2025698,0
6720.json,rob-zerban,false,1,0.2593517,0
4628.json,hank-johnson,mostly-true,0,0.18719472,0
11303.json,jay-nixon,mostly-true,0,0.11736315,0
2986.json,talgo-inc,true,0,0.72930413,1
10783.json,representus,mostly-true,0,0.20717292,0
13350.json,patrick-murphy,half-true,0,0.7049855,1
258.json,mitt-romney,true,0,0.24628562,0
1248.json,michael-moore,mostly-true,0,0.3046091,0
10450.json,rand-paul,half-true,0,0.44923085,0
8758.json,barack-obama,half-true,0,0.3079243,0
4442.json,ron-paul,half-true,0,0.36848113,0
7930.json,pete-gallego,true,0,0.30514005,0
12122.json,paul-ryan,mostly-true,0,0.61341256,1
6678.json,leonard-lance,true,0,0.1836065,0
9957.json,facebook-posts,pants-fire,1,0.24052955,0
7111.json,sam-adams,barely-true,1,0.42787895,0
9235.json,blog-posting,pants-fire,1,0.7974176,1
1243.json,barney-bishop,false,1,0.4468944,0
5693.json,kathleen-falk,false,1,0.75112146,1
2305.json,john-boehner,true,0,0.4072582,0
2040.json,george-will,barely-true,1,0.4551986,0
9192.json,progressive-choice,true,0,0.60081077,1
11375.json,glenn-hegar,true,0,0.3605722,0
9674.json,jeb-bush,mostly-true,0,0.3000713,0
3369.json,sam-adams,half-true,0,0.30018827,0
8855.json,wendy-davis,mostly-true,0,0.37331825,0
1641.json,michele-bachmann,false,1,0.567987,1
9080.json,greg-morris,true,0,0.5550897,1
4233.json,jennifer-granholm,mostly-true,0,0.11608699,0
12952.json,donald-trump,barely-true,1,0.4794093,0
2135.json,lincoln-chafee,false,1,0.6280696,1
7696.json,mark-pocan,barely-true,1,0.40090832,0
11751.json,barack-obama,mostly-true,0,0.1275181,0
2187.json,michael-bloomberg,false,1,0.099736266,0
3196.json,rick-scott,false,1,0.6448027,1
6263.json,ovide-lamontagne,half-true,0,0.18756084,0
2774.json,scott-walker,half-true,0,0.602146,1
6555.json,teresa-fedor,true,0,0.27694696,0
8961.json,david-brooks,half-true,0,0.2876419,0
8011.json,elliott-naishtat,true,0,0.30137503,0
1290.json,ginny-brown-waite,barely-true,1,0.32859993,0
9151.json,michael-mccaul,true,0,0.6259283,1
11625.json,greg-abbott,mostly-true,0,0.18201295,0
7426.json,bill-jackson,pants-fire,1,0.15117283,0
1462.json,kay-bailey-hutchison,mostly-true,0,0.7981195,1
1777.json,john-cornyn,true,0,0.5131618,1
12982.json,reince-priebus,half-true,0,0.6338066,1
6015.json,reince-priebus,false,1,0.2918377,0
12520.json,hillary-clinton,true,0,0.3696118,0
8944.json,lawrence-odonnell,mostly-true,0,0.4606956,0
6035.json,eric-fehrnstrom,half-true,0,0.18281865,0
10309.json,michael-needham,mostly-true,0,0.62054443,1
7336.json,texas-federation-republican-women,barely-true,1,0.28669614,0
7726.json,ed-fitzgerald,false,1,0.64670146,1
12768.json,kirsten-gillibrand,mostly-true,0,0.3802985,0
12012.json,chris-koster,mostly-true,0,0.2653654,0
5710.json,joe-biden,false,1,0.32950005,0
376.json,barack-obama,half-true,0,0.63500535,1
4198.json,ohio-democratic-party,pants-fire,1,0.5476332,1
4901.json,florida-democratic-party,barely-true,1,0.30969068,0
7806.json,leah-vukmir,false,1,0.71589077,1
12537.json,donald-trump,false,1,0.4570029,0
3593.json,rick-scott,mostly-true,0,0.30377942,0
9779.json,occupy-democrats,pants-fire,1,0.6080448,1
8990.json,john-kerry,mostly-true,0,0.74457204,1
3979.json,george-allen,false,1,0.46900064,0
10897.json,rick-perry,true,0,0.38802257,0
4841.json,eileen-brady,mostly-true,0,0.64417565,1
2570.json,russ-feingold,half-true,0,0.36433935,0
4068.json,lisa-hamler-fugitt,mostly-true,0,0.08857662,0
12301.json,john-oliver,mostly-true,0,0.53536004,1
7236.json,rick-scott,half-true,0,0.112802945,0
6571.json,chris-christie,half-true,0,0.40309075,0
2640.json,chuck-riley,false,1,0.49908546,0
13512.json,blog-posting,pants-fire,1,0.8046307,1
166.json,mitt-romney,half-true,0,0.2898243,0
7329.json,mayors-against-illegal-guns,half-true,0,0.20183802,0
13385.json,donald-trump,mostly-true,0,0.5716474,1
7827.json,meals-wheels-rhode-island,barely-true,1,0.2832607,0
11670.json,american-action-network,barely-true,1,0.29327542,0
13029.json,national-republican-senatorial-committee,barely-true,1,0.70900947,1
9937.json,jeanne-shaheen,mostly-true,0,0.12229483,0
2811.json,mark-warner,mostly-true,0,0.32565016,0
6333.json,chris-christie,false,1,0.13813709,0
5124.json,restore-our-future,pants-fire,1,0.32761335,0
66.json,john-edwards,true,0,0.41089743,0
5403.json,bruce-starr,mostly-true,0,0.11930491,0
9437.json,scott-walker,half-true,0,0.6313877,1
235.json,john-mccain,true,0,0.443797,0
793.json,barack-obama,half-true,0,0.5087603,1
11080.json,rick-perry,barely-true,1,0.08398502,0
9489.json,scott-walker,false,1,0.7028027,1
1444.json,barack-obama,mostly-true,0,0.27957326,0
2484.json,alan-grayson,half-true,0,0.70468104,1
5836.json,mary-nolan,half-true,0,0.527604,1
12.json,mike-huckabee,false,1,0.4893492,0
11588.json,viral-media-reports,false,1,0.5823694,1
6264.json,eric-cantor,barely-true,1,0.5783498,1
13324.json,donald-trump,mostly-true,0,0.713638,1
5230.json,nathan-deal,true,0,0.18628852,0
8519.json,americans-prosperity,false,1,0.8194433,1
6900.json,karen-huber,half-true,0,0.7531928,1
10524.json,lloyd-doggett,true,0,0.25347942,0
12599.json,thomas-perez,true,0,0.17450054,0
917.json,eric-cantor,false,1,0.3309599,0
8336.json,grover-fugate,true,0,0.66915363,1
6811.json,barack-obama,mostly-true,0,0.44146714,0
7084.json,dan-patrick,true,0,0.26321125,0
7900.json,john-nygren,half-true,0,0.67292327,1
9323.json,julian-castro,true,0,0.66678184,1
1460.json,bill-white,true,0,0.07600824,0
7607.json,john-kasich,pants-fire,1,0.3277264,0
1061.json,lynn-westmoreland,barely-true,1,0.21940286,0
12321.json,pat-mccrory,true,0,0.09894568,0
6473.json,stephanie-cutter,true,0,0.3519775,0
12546.json,blog-posting,false,1,0.73766655,1
2877.json,scott-walker,false,1,0.7511657,1
9432.json,rachel-maddow,mostly-true,0,0.4170438,0
7145.json,john-kitzhaber,true,0,0.13242377,0
2760.json,sierra-club,barely-true,1,0.302339,0
6945.json,crossroads-gps,barely-true,1,0.71111625,1
4899.json,newt-gingrich,false,1,0.4027047,0
10906.json,facebook-posts,pants-fire,1,0.40646732,0
3885.json,new-jersey-sierra-club,half-true,0,0.17703018,0
11150.json,centers-disease-control,true,0,0.68176293,1
6953.json,bill-nelson,half-true,0,0.7642658,1
5510.json,steve-rothman,mostly-true,0,0.24170752,0
3455.json,robin-wright,true,0,0.52242285,1
10061.json,rick-scott,half-true,0,0.44499743,0
9927.json,julie-pace,mostly-true,0,0.7053261,1
2316.json,charlie-crist,mostly-true,0,0.3599859,0
11276.json,ron-bergeron,mostly-true,0,0.35302052,0
1497.json,eve-schatelowitz-alcantar,false,1,0.62715805,1
4337.json,ron-kind,half-true,0,0.1832515,0
4543.json,bill-oreilly,barely-true,1,0.5611378,1
5091.json,jon-huntsman,false,1,0.80573153,1
40.json,democratic-national-committee,true,0,0.30041093,0
2852.json,sherrod-brown,mostly-true,0,0.17379652,0
2506.json,scott-bruun,barely-true,1,0.60226077,1
4212.json,john-kasich,true,0,0.30670354,0
10474.json,greg-abbott,half-true,0,0.18700129,0
10117.json,rick-scott,half-true,0,0.2714609,0
7877.json,john-lewis,mostly-true,0,0.23017034,0
12051.json,ted-cruz,mostly-true,0,0.4135783,0
3957.json,national-republican-senatorial-committee,false,1,0.70539683,1
10893.json,jeb-bush,mostly-true,0,0.14444984,0
1623.json,charlie-crist,true,0,0.27878958,0
6428.json,salmon-all,half-true,0,0.50073564,1
4287.json,greater-wisconsin-political-fund,half-true,0,0.41250172,0
9793.json,ending-spending-action-fund,barely-true,1,0.48060247,0
2910.json,donald-carcieri,mostly-true,0,0.55481666,1
4653.json,barack-obama,true,0,0.5780579,1
12279.json,robby-mook,mostly-true,0,0.46812925,0
6982.json,barack-obama,half-true,0,0.5095602,1
11802.json,bernie-s,mostly-true,0,0.65200514,1
4609.json,mitt-romney,false,1,0.41495904,0
8115.json,michelle-nunn,true,0,0.40984848,0
11296.json,viral-image,false,1,0.58608115,1
9093.json,rick-scott,barely-true,1,0.7934607,1
10799.json,anonymous-cyber-squatter,half-true,0,0.60316545,1
9383.json,dawson-hodgson,barely-true,1,0.5373004,1
12009.json,mitt-romney,false,1,0.38730353,0
7223.json,kenneth-block,mostly-true,0,0.097740665,0
11118.json,john-oliver,true,0,0.24368326,0
3381.json,rick-scott,mostly-true,0,0.36390132,0
7244.json,dawson-hodgson,false,1,0.21903406,0
2581.json,julie-lassa,barely-true,1,0.6896004,1
2958.json,city-beaverton,false,1,0.14653149,0
12179.json,blog-posting,pants-fire,1,0.8466852,1
11373.json,viral-image,barely-true,1,0.53048146,1
2114.json,georgia-politicians,barely-true,1,0.49525908,0
9588.json,david-perdue,half-true,0,0.45568746,0
3430.json,eric-cantor,half-true,0,0.27839306,0
9364.json,angel-taveras,barely-true,1,0.21198831,0
10695.json,rick-santorum,true,0,0.12603079,0
1158.json,anthony-weiner,barely-true,1,0.35436592,0
5848.json,bill-johnson,false,1,0.8245762,1
10561.json,tom-graves,half-true,0,0.703127,1
512.json,barack-obama,true,0,0.15653679,0
5815.json,steve-rothman,barely-true,1,0.511778,1
12906.json,paul-manafort,half-true,0,0.5101684,1
7909.json,barry-bone,true,0,0.5125946,1
7044.json,voters-first-ohio,barely-true,1,0.6318116,1
11284.json,jeb-bush,half-true,0,0.18336208,0
11761.json,ted-cruz,true,0,0.6134081,1
13291.json,catherine-cortez-masto,half-true,0,0.8277554,1
6933.json,mitt-romney,half-true,0,0.22956498,0
9916.json,pam-bondi,mostly-true,0,0.27706948,0
9248.json,alicia-menendez,true,0,0.12941001,0
544.json,joe-biden,barely-true,1,0.487084,0
3679.json,john-kasich,false,1,0.7435768,1
11825.json,paul-saldana,half-true,0,0.3640232,0
7420.json,josh-mandel,mostly-true,0,0.3314661,0
2723.json,ted-strickland,pants-fire,1,0.6218873,1
5530.json,johnny-isakson,barely-true,1,0.4566869,0
4617.json,michele-bachmann,half-true,0,0.18367593,0
4498.json,rush-holt,true,0,0.18153906,0
2994.json,boyd-richie,barely-true,1,0.6267947,1
1184.json,charles-boustany,barely-true,1,0.6546997,1
11169.json,marco-rubio,mostly-true,0,0.25823632,0
8924.json,david-perdue,mostly-true,0,0.15132077,0
3194.json,chris-abele,false,1,0.43950263,0
985.json,rachel-maddow,false,1,0.5579715,1
7379.json,barack-obama,mostly-true,0,0.17141774,0
2926.json,ted-poe,barely-true,1,0.2642068,0
5283.json,phil-gingrey,half-true,0,0.44911197,0
4204.json,tom-leppert,false,1,0.84143,1
7288.json,terry-mcauliffe,false,1,0.61332935,1
10223.json,russ-girling,false,1,0.6146248,1
4526.json,mike-mccabe,false,1,0.33233678,0
10493.json,ted-cruz,mostly-true,0,0.81298155,1
6812.json,americans-tax-reform,barely-true,1,0.5611216,1
13214.json,oxfam-america,mostly-true,0,0.10185183,0
12662.json,charles-ramsey,mostly-true,0,0.27913824,0
3933.json,rick-santorum,false,1,0.56348246,1
7268.json,scott-walker,mostly-true,0,0.106854536,0
2717.json,marco-rubio,half-true,0,0.20690815,0
2252.json,tim-kaine,half-true,0,0.5421569,1
3029.json,scott-walker,mostly-true,0,0.37126556,0
3471.json,jeff-stone,half-true,0,0.6252187,1
3710.json,nathan-deal,true,0,0.13224591,0
1855.json,bill-white,mostly-true,0,0.42489687,0
7771.json,joee-lindbeck,half-true,0,0.52116805,1
13409.json,donald-trump,barely-true,1,0.23556544,0
5101.json,mitt-romney,half-true,0,0.4763322,0
7356.json,sherrod-brown,true,0,0.15548861,0
4568.json,new-jersey-democratic-state-committee,barely-true,1,0.66703767,1
2099.json,john-boehner,false,1,0.6714959,1
1849.json,john-oxendine,half-true,0,0.09585667,0
7790.json,john-depetro,pants-fire,1,0.78357804,1
6320.json,barack-obama,mostly-true,0,0.5563903,1
3500.json,greater-wisconsin-political-fund,half-true,0,0.77124655,1
2460.json,steve-kagen,pants-fire,1,0.8396891,1
1948.json,john-faulk,false,1,0.48448518,0
10739.json,karl-rove,mostly-true,0,0.5116254,1
13020.json,catherine-cortez-masto,mostly-true,0,0.25645477,0
1119.json,barack-obama,false,1,0.2675687,0
13128.json,donald-trump,mostly-true,0,0.18753953,0
11050.json,generation-forward-pac,mostly-true,0,0.30105135,0
7195.json,lenny-curry,barely-true,1,0.7353766,1
13047.json,donald-trump,half-true,0,0.4382385,0
2560.json,future-pac-oregon-house-democrats,pants-fire,1,0.7210381,1
8463.json,chris-abele,false,1,0.3001588,0
3458.json,morgan-griffith,barely-true,1,0.39520204,0
8352.json,blog-posting,pants-fire,1,0.8052072,1
11847.json,national-republican-senatorial-committee,barely-true,1,0.6466545,1
8170.json,eric-cantor,pants-fire,1,0.83604574,1
10293.json,steve-adler,mostly-true,0,0.5037737,1
5314.json,kathleen-clyde,true,0,0.11546229,0
2625.json,jack-conway,mostly-true,0,0.64332765,1
12749.json,donald-trump,half-true,0,0.17577878,0
6905.json,paul-ryan,mostly-true,0,0.2123499,0
10672.json,sally-kohn,false,1,0.20807566,0
2217.json,rachel-maddow,half-true,0,0.33047125,0
10232.json,mitch-mcconnell,barely-true,1,0.6337572,1
7230.json,chris-christie,half-true,0,0.21125,0
4993.json,maciver-institute,barely-true,1,0.85085213,1
794.json,barack-obama,half-true,0,0.51631063,1
12011.json,donald-trump,half-true,0,0.26526925,0
8946.json,rachel-maddow,true,0,0.3553739,0
3508.json,david-prosser,pants-fire,1,0.6420499,1
3306.json,rob-woodall,half-true,0,0.24504907,0
1189.json,tom-price,mostly-true,0,0.2621175,0
9107.json,alison-lundergan-grimes,true,0,0.21042338,0
809.json,barack-obama,true,0,0.38914734,0
171.json,rudy-giuliani,false,1,0.60071975,1
1739.json,kay-bailey-hutchison,half-true,0,0.53846973,1
9047.json,david-dewhurst,mostly-true,0,0.56095046,1
7685.json,linda-finn,half-true,0,0.5413305,1
13490.json,don-beyer,false,1,0.0912752,0
10962.json,sheldon-whitehouse,true,0,0.21693036,0
7845.json,chris-christie,half-true,0,0.16873863,0
10388.json,jonathan-turley,barely-true,1,0.67659307,1
180.json,bill-richardson,false,1,0.27343917,0
781.json,barack-obama,false,1,0.18647704,0
12627.json,hillary-clinton,true,0,0.4058557,0
2594.json,joe-manchin,true,0,0.74971724,1
7543.json,michele-bachmann,pants-fire,1,0.69491416,1
7073.json,priorities-usa-action,barely-true,1,0.25660038,0
12195.json,mark-pocan,true,0,0.26900032,0
13190.json,mike-pence,barely-true,1,0.8103737,1
7447.json,greg-abbott,true,0,0.59718776,1
9472.json,oregon-department-agriculture,half-true,0,0.16029434,0
12368.json,donald-trump,barely-true,1,0.43537897,0
5788.json,frank-wolf,true,0,0.37338635,0
6665.json,barack-obama,half-true,0,0.3292299,0
10858.json,facebook-posts,pants-fire,1,0.2990599,0
3522.json,jason-haas,false,1,0.6361094,1
6469.json,americans-prosperity,false,1,0.76334584,1
13502.json,sean-duffy,barely-true,1,0.8726854,1
9834.json,edward-flynn,mostly-true,0,0.21756193,0
7991.json,phil-burress,half-true,0,0.34458026,0
7994.json,jonathan-stickland,barely-true,1,0.37674943,0
10846.json,scott-walker,false,1,0.5772287,1
8830.json,rick-scott,half-true,0,0.097747475,0
6033.json,bill-nelson,true,0,0.39312947,0
700.json,john-mccain,true,0,0.498272,0
12214.json,bernie-s,mostly-true,0,0.14295077,0
11661.json,occupy-democrats,false,1,0.25068837,0
8986.json,barack-obama,mostly-true,0,0.20373777,0
6922.json,lois-frankel,barely-true,1,0.41468307,0
2738.json,georgia-house-democratic-caucus-behalf-elena-paren,false,1,0.6457047,1
7416.json,david-plouffe,barely-true,1,0.49125385,0
9101.json,barbara-boxer,half-true,0,0.30784446,0
2494.json,mark-belling,pants-fire,1,0.80889857,1
553.json,wesley-clark,false,1,0.37132737,0
574.json,campaign-money-watch,true,0,0.2278707,0
1262.json,glenn-beck,false,1,0.3357536,0
9900.json,mark-harris,mostly-true,0,0.3173355,0
1677.json,karen-sage,true,0,0.44781846,0
575.json,campaign-money-watch,barely-true,1,0.3061157,0
447.json,barack-obama,false,1,0.40269923,0
13049.json,blog-posting,false,1,0.65992886,1
12168.json,your-choice-colorado,half-true,0,0.6635208,1
11308.json,hugh-hewitt,half-true,0,0.37114426,0
11212.json,matt-wuerker,mostly-true,0,0.18134871,0
3697.json,jim-renacci,mostly-true,0,0.118499115,0
12770.json,michelle-obama,true,0,0.5723229,1
11955.json,wisconsin-working-families-party,false,1,0.5528831,1
13423.json,donald-trump,false,1,0.63410366,1
3087.json,brian-moran,pants-fire,1,0.22787417,0
3046.json,jim-doyle,mostly-true,0,0.30364507,0
12203.json,tom-price,half-true,0,0.8183179,1
12734.json,mike-pence,barely-true,1,0.7506188,1
1515.json,americans-united-change,half-true,0,0.6134207,1
9553.json,ted-cruz,false,1,0.83399975,1
8557.json,jan-schakowsky,true,0,0.16330028,0
4194.json,tim-pawlenty,mostly-true,0,0.77381855,1
13487.json,james-quintero,barely-true,1,0.52704656,1
11184.json,facebook-posts,false,1,0.5342643,1
12221.json,ted-cruz,mostly-true,0,0.32938847,0
3460.json,john-kasich,half-true,0,0.5200464,1
7529.json,service-employees-international-union-committee-po,false,1,0.60458356,1
10717.json,rick-perry,half-true,0,0.5386819,1
4714.json,barack-obama,false,1,0.1896715,0
4017.json,newt-gingrich,mostly-true,0,0.42794976,0
9256.json,rush-limbaugh,false,1,0.1480023,0
6006.json,william-obrien,false,1,0.31829426,0
6197.json,sean-duffy,barely-true,1,0.5953141,1
1187.json,paul-hipp,mostly-true,0,0.20390902,0
8104.json,don-lemon,mostly-true,0,0.083246425,0
1556.json,bill-white,true,0,0.12694551,0
7970.json,todd-young,false,1,0.3049055,0
12487.json,joyce-beatty,barely-true,1,0.2939014,0
1310.json,cw-bill-young,false,1,0.74691504,1
6163.json,shawn-lindsay,false,1,0.55291563,1
7819.json,alberta-darling,true,0,0.16183908,0
814.json,barack-obama,mostly-true,0,0.43547854,0
8486.json,suzanne-somers,true,0,0.75471234,1
12141.json,roy-blunt,barely-true,1,0.67907757,1
3257.json,dan-patrick,true,0,0.44814494,0
3330.json,rick-scott,barely-true,1,0.4297925,0
6436.json,eric-hovde,half-true,0,0.59499675,1
70.json,ron-paul,mostly-true,0,0.12542573,0
10140.json,john-carlevale,false,1,0.49662566,0
1120.json,john-boehner,false,1,0.6371694,1
8595.json,ken-cuccinelli,barely-true,1,0.8191724,1
4885.json,joe-biden,mostly-true,0,0.28195298,0
11917.json,john-mccain,true,0,0.7972395,1
10773.json,marco-rubio,half-true,0,0.58690494,1
4718.json,ann-lininger,false,1,0.30013093,0
6616.json,george-lemieux,true,0,0.37764445,0
3284.json,bill-posey,mostly-true,0,0.36983767,0
2290.json,barack-obama,barely-true,1,0.6557449,1
10978.json,don-beyer,true,0,0.14715502,0
8764.json,marilinda-garcia,mostly-true,0,0.31687316,0
2203.json,marco-rubio,mostly-true,0,0.3624954,0
7118.json,patricia-morgan,half-true,0,0.23052144,0
7164.json,john-kasich,true,0,0.25545985,0
4208.json,allen-west,false,1,0.25694796,0
714.json,sarah-palin,mostly-true,0,0.6483286,1
13437.json,maggie-hassan,barely-true,1,0.40302068,0
6401.json,american-bridge-21st-century,mostly-true,0,0.54319674,1
5251.json,blog-posting,mostly-true,0,0.11871895,0
378.json,hillary-clinton,half-true,0,0.34810892,0
5095.json,rick-perry,pants-fire,1,0.89000094,1
11000.json,jim-steineke,false,1,0.65730214,1
3741.json,sherrod-brown,barely-true,1,0.26619375,0
8979.json,mark-pryor,barely-true,1,0.8430079,1
3803.json,todd-staples,mostly-true,0,0.24846502,0
12087.json,hillary-clinton,barely-true,1,0.3565918,0
1712.json,tom-grady,false,1,0.55357873,1
1093.json,sarah-palin,false,1,0.72912955,1
3027.json,gerry-connolly,half-true,0,0.57906115,1
4977.json,marish-agana,barely-true,1,0.42288712,0
4689.json,jeb-hensarling,false,1,0.16078678,0
9227.json,charlie-crist,barely-true,1,0.6989103,1
12927.json,joaquin-castro,mostly-true,0,0.7373619,1
3997.json,martin-omalley,half-true,0,0.23448151,0
13000.json,bruce-rauner,barely-true,1,0.41534373,0
11704.json,greg-abbott,barely-true,1,0.75459653,1
11654.json,kevin-russell,mostly-true,0,0.16160992,0
340.json,john-mccain,true,0,0.20636757,0
6485.json,barack-obama,half-true,0,0.31922755,0
9231.json,chain-email,false,1,0.14760984,0
10416.json,barack-obama,mostly-true,0,0.33673897,0
12924.json,gary-johnson,true,0,0.22167504,0
6816.json,american-future-fund,barely-true,1,0.39965567,0
13172.json,chris-koster,half-true,0,0.5750879,1
13484.json,blog-posting,pants-fire,1,0.47127792,0
10869.json,family-foundation,true,0,0.378961,0
9823.json,senate-majority-pac,false,1,0.78185123,1
3738.json,newt-gingrich,false,1,0.22924791,0
8552.json,ellen-qualls,half-true,0,0.76064295,1
3044.json,allen-west,false,1,0.74266696,1
6121.json,chris-christie,barely-true,1,0.7162751,1
11261.json,scott-walker,mostly-true,0,0.54745525,1
12392.json,alan-grayson,barely-true,1,0.32119888,0
4522.json,josh-mandel,barely-true,1,0.5554285,1
8285.json,bill-foster,barely-true,1,0.28867266,0
12244.json,hillary-clinton,true,0,0.220609,0
7667.json,national-rifle-association,barely-true,1,0.4570106,0
101.json,democratic-national-committee,barely-true,1,0.5650613,1
2775.json,eric-cantor,true,0,0.3571642,0
1909.json,barack-obama,half-true,0,0.26246646,0
13203.json,naral-pro-choice,false,1,0.6330293,1
8303.json,barbara-buono,half-true,0,0.2501576,0
10466.json,barack-obama,barely-true,1,0.54401916,1
9229.json,bob-cole,half-true,0,0.30529577,0
8498.json,gina-raimondo,mostly-true,0,0.14437146,0
11887.json,j-jacobs,true,0,0.40087762,0
11895.json,tom-wolf,barely-true,1,0.5578305,1
1385.json,farouk-shami,half-true,0,0.4202046,0
6097.json,stephen-simpson,mostly-true,0,0.4299239,0
1652.json,barack-obama,half-true,0,0.5250625,1
1950.json,vernon-jones,pants-fire,1,0.51772493,1
8685.json,kathleen-sebelius,true,0,0.12309731,0
9200.json,louie-gohmert,false,1,0.3329679,0
2374.json,jim-sensenbrenner,false,1,0.42703816,0
2533.json,republican-party-florida,half-true,0,0.7141482,1
5416.json,alan-bates,true,0,0.33883902,0
2557.json,allen-boyd,false,1,0.5800808,1
5087.json,mitt-romney,false,1,0.48292455,0
8960.json,mark-obenshain,mostly-true,0,0.16325562,0
3362.json,phyllis-schlafly,false,1,0.6174932,1
9844.json,david-dewhurst,false,1,0.31909898,0
9292.json,charlie-crist,half-true,0,0.26867178,0
6119.json,jim-demint,barely-true,1,0.8891417,1
12371.json,ed-gillespie,true,0,0.11128322,0
7665.json,gabrielle-giffords,true,0,0.20029421,0
8576.json,city-austin,true,0,0.18166293,0
6637.json,jack-markell,false,1,0.17549926,0
9096.json,john-mccallum,mostly-true,0,0.327837,0
7698.json,randy-forbes,true,0,0.23118323,0
10547.json,associated-press,true,0,0.13264829,0
187.json,hillary-clinton,half-true,0,0.13297755,0
2470.json,allen-west,pants-fire,1,0.29262874,0
6045.json,chain-email,pants-fire,1,0.71402186,1
339.json,hillary-clinton,true,0,0.42169252,0
11004.json,hillary-clinton,true,0,0.28364912,0
11337.json,martin-omalley,mostly-true,0,0.7551285,1
4250.json,alberta-darling,pants-fire,1,0.59782565,1
631.json,jerome-corsi,pants-fire,1,0.6642121,1
9351.json,charles-van-zant,pants-fire,1,0.65560365,1
5746.json,clarence-thomas,true,0,0.2634299,0
4136.json,kris-jordan,half-true,0,0.13490888,0
1681.json,paul-ryan,barely-true,1,0.1493543,0
5074.json,john-kasich,mostly-true,0,0.119103074,0
4195.json,rick-santorum,barely-true,1,0.21585838,0
3931.json,adam-hasner,barely-true,1,0.5388339,1
4883.json,matt-mackowiak,true,0,0.35390544,0
6795.json,bill-clinton,barely-true,1,0.711436,1
9818.json,michelle-nunn,barely-true,1,0.5063824,1
8573.json,tom-cotton,half-true,0,0.857506,1
13184.json,mike-pence,mostly-true,0,0.38732508,0
11559.json,rand-paul,mostly-true,0,0.6569024,1
9241.json,don-balfour,true,0,0.44236472,0
8902.json,hugh-fitzsimons,mostly-true,0,0.5972054,1
12511.json,donald-trump,false,1,0.63348514,1
7285.json,barbara-buono,pants-fire,1,0.44475192,0
1005.json,chain-email,pants-fire,1,0.61467844,1
609.json,barack-obama,half-true,0,0.3932329,0
9436.json,hillary-clinton,barely-true,1,0.45475844,0
5671.json,rick-santorum,false,1,0.42575616,0
6699.json,menendez-facts,pants-fire,1,0.35232916,0
7334.json,rick-scott,half-true,0,0.11463527,0
9788.json,jay-nixon,barely-true,1,0.49270493,0
10710.json,mackubin-thomas-owens,barely-true,1,0.41191795,0
3186.json,john-kasich,barely-true,1,0.47789755,0
6743.json,john-burzichelli,false,1,0.7772571,1
