id,speaker,label,is_low_truth,pred,prob
11972.json,rick-perry,true,0,1,0.5554299382105234
11685.json,katrina-shankland,false,1,1,0.8777514366096576
11096.json,donald-trump,false,1,1,0.8036330878081518
5209.json,rob-cornilles,half-true,0,1,0.5147992186445167
9524.json,state-democratic-party-wisconsin,pants-fire,1,1,0.7631455625394483
5962.json,brendan-doherty,true,0,0,0.38634539831384995
7070.json,stand-children-tennessee,true,0,0,0.06965042851086917
1046.json,john-boehner,barely-true,1,1,0.6132504383495763
12849.json,sean-patrick-maloney,true,0,0,0.07040427684469563
13270.json,mike-pence,barely-true,1,0,0.24497142363416496
6649.json,mike-berlon,barely-true,1,1,0.8695853206287817
2508.json,bill-flores,barely-true,1,1,0.922290695775117
11269.json,viral-image,pants-fire,1,1,0.755896107007484
11200.json,facebook-posts,false,1,1,0.7323344709328878
8047.json,chris-abele,half-true,0,0,0.44533573054017306
4888.json,rick-santorum,true,0,1,0.5341233829354647
3331.json,tom-niehaus,pants-fire,1,1,0.9308591364392625
9198.json,marsha-blackburn,half-true,0,0,0.3773338717147313
73.json,hillary-clinton,true,0,0,0.2623177242529568
1328.json,sarah-palin,false,1,0,0.403072930135548
12169.json,chris-sgro,mostly-true,0,0,0.4763849050516135
5244.json,marco-rubio,half-true,0,1,0.5023938144966904
12996.json,donald-trump,pants-fire,1,1,0.5578777244647447
8162.json,marijuana-policy-project,mostly-true,0,0,0.03224216217094087
10064.json,republican-party-florida,false,1,1,0.6182783446321946
1084.json,lindsey-graham,true,0,0,0.38723575670641197
13231.json,hillary-clinton,barely-true,1,0,0.34444165548541983
13089.json,republican-national-committee-republican,half-true,0,0,0.4493956804180836
1051.json,mike-pence,true,0,0,0.4211195130902564
4161.json,cliff-stearns,mostly-true,0,0,0.03426036522023314
11966.json,cory-gardner,false,1,1,0.8908967272542949
9800.json,sarah-palin,false,1,0,0.45858200292500567
816.json,barack-obama,half-true,0,0,0.2754695402558933
2646.json,democratic-congressional-campaign-committee,half-true,0,1,0.5793589237047728
12381.json,mamie-locke,true,0,0,0.022632452995431773
8567.json,herman-cain,half-true,0,1,0.5940196964253301
9092.json,rick-scott,barely-true,1,1,0.6661510880044669
10055.json,jeanne-shaheen,mostly-true,0,0,0.30716550583848157
4513.json,dennis-kucinich,true,0,0,0.19933872493316968
10340.json,kevin-brady,true,0,0,0.3595571395307823
6849.json,mitt-romney,barely-true,1,1,0.5233457054754055
10971.json,doonesbury,half-true,0,0,0.041967446720416746
13251.json,donald-trump,pants-fire,1,1,0.5265910853445367
7545.json,drew-springer,barely-true,1,1,0.8985485138927589
4929.json,michele-bachmann,mostly-true,0,1,0.643771102088793
6239.json,robert-menendez,barely-true,1,0,0.22278410226408685
266.json,hillary-clinton,half-true,0,0,0.33955970838552435
8841.json,barack-obama,mostly-true,0,0,0.15302647431957642
6313.json,steve-brown,false,1,0,0.45586260018362423
9550.json,hillary-clinton,barely-true,1,0,0.24731275142005746
9612.json,republican-party-florida,half-true,0,1,0.7548846370077705
13272.json,national-rifle-association,barely-true,1,1,0.6048398370103346
7562.json,jeb-bush,mostly-true,0,0,0.24588700798091462
3121.json,david-dewhurst,half-true,0,0,0.29184367606092637
9578.json,jeff-flake,false,1,1,0.8178529728239929
4553.json,committee-our-childrens-future,half-true,0,0,0.057628221072515036
2356.json,steven-costantino,mostly-true,0,0,0.41899094412437327
3453.json,hank-johnson,half-true,0,0,0.2586050533709697
1066.json,michele-bachmann,pants-fire,1,1,0.7095057752194066
2092.json,russell-pearce,pants-fire,1,1,0.8940246995360729
7442.json,barack-obama,barely-true,1,0,0.2371096127403546
9910.json,chris-matthews,barely-true,1,0,0.42038407440131526
11083.json,carlos-curbelo,true,0,1,0.5541716065668202
11443.json,steven-costantino,false,1,0,0.21452096658964032
11539.json,ezekiel-emanuel,half-true,0,0,0.4159067868753734
2966.json,sherrod-brown,false,1,0,0.3770486947794293
13367.json,patrick-murphy,mostly-true,0,0,0.2726594239918432
1087.json,joe-biden,mostly-true,0,0,0.2630308014570531
267.json,bill-richardson,true,0,0,0.2522171642415216
4272.json,lloyd-doggett,true,0,0,0.13380419647434053
8849.json,ian-prior,half-true,0,0,0.013652279161820461
12542.json,priorities-usa-action,half-true,0,0,0.35525603993346094
8372.json,david-pennington,barely-true,1,1,0.8947915913840423
3518.json,tim-pawlenty,mostly-true,0,0,0.23261990902413504
8340.json,ted-cruz,false,1,1,0.5638386775974841
10218.json,friends-india-point-park,half-true,0,0,0.021978293925137702
12698.json,reince-priebus,false,1,1,0.5219396905466449
2357.json,scott-walker,false,1,1,0.5323531861038139
7823.json,barbara-buono,half-true,0,0,0.3071280726622427
12541.json,donald-trump,barely-true,1,1,0.7663027318436092
2854.json,carole-smith,pants-fire,1,1,0.9163280537231581
4719.json,H204TEXAS-PAC,half-true,0,0,0.025278721333356534
2072.json,david-cicilline,true,0,0,0.318306732853456
2885.json,bill-nelson,false,1,1,0.637484718061336
13334.json,gerald-daugherty,half-true,0,0,0.45124262699422135
4820.json,facebook-posts,half-true,0,1,0.6222589095932928
12309.json,paul-ryan,barely-true,1,0,0.3309328495410601
1420.json,debra-medina,mostly-true,0,0,0.26625002797465347
8761.json,facebook-posts,false,1,1,0.5973178502217876
2491.json,dave-yost,true,0,0,0.46948020760558845
1075.json,democratic-national-committee,barely-true,1,0,0.38766519026474305
9762.json,bob-donovan,true,0,0,0.4843076999026009
5935.json,brett-bittner,barely-true,1,1,0.9025812015597006
2821.json,george-allen,pants-fire,1,1,0.5651499043668005
6370.json,julian-castro,true,0,0,0.024826945368627337
3706.json,mike-bennett,pants-fire,1,1,0.9051244179598645
10163.json,james-carr,true,0,0,0.04095394598708197
2796.json,safe-routes-schools,false,1,1,0.886809870348817
6083.json,rick-scott,barely-true,1,0,0.16635301111053055
5913.json,conservative-renewal-pac,barely-true,1,1,0.9090768191954706
934.json,barack-obama,true,0,0,0.36867790493773644
2162.json,kasim-reed,barely-true,1,0,0.2925072438594932
3161.json,rachel-maddow,mostly-true,0,0,0.270281913801652
2679.json,charlie-crist,true,0,0,0.36359325646053525
8929.json,mark-pocan,true,0,0,0.3436687909595818
10040.json,bill-oreilly,half-true,0,1,0.7302614046184803
12398.json,priorities-usa-action,pants-fire,1,0,0.39578592156571674
2690.json,kendrick-meek,pants-fire,1,0,0.362672662052426
8667.json,bob-schieffer,true,0,1,0.8758661434710597
8941.json,wolf-blitzer,true,0,0,0.08723775331552251
6821.json,chris-christie,pants-fire,1,0,0.4510983119896879
10631.json,william-obrien,false,1,1,0.668228411822859
6579.json,nikki-haley,half-true,0,0,0.052096507954913544
11400.json,league-conservation-voters,mostly-true,0,0,0.038995492340481525
3228.json,cenk-uygur,true,0,0,0.04268713165789165
9746.json,mark-emmert,half-true,0,0,0.022244171138070503
1915.json,donna-campbell,false,1,0,0.40257732344863884
12456.json,pat-toomey,barely-true,1,0,0.3701392830374931
4856.json,democratic-national-committee,half-true,0,0,0.28606271492162333
4698.json,americans-prosperity-new-jersey,false,1,1,0.9129461315969195
2585.json,christine-odonnell,barely-true,1,1,0.5652566655977882
6604.json,crossroads-gps,barely-true,1,0,0.3093380535684383
4495.json,michele-bachmann,pants-fire,1,1,0.6627905312504627
8406.json,ted-cruz,barely-true,1,1,0.600716088578802
10147.json,jason-carter,false,1,0,0.36613626054533155
10623.json,mark-pocan,mostly-true,0,0,0.3034258196577549
2277.json,roy-barnes,half-true,0,1,0.6352103610328953
8146.json,al-sharpton,mostly-true,0,1,0.7435688586574901
6026.json,scott-walker,half-true,0,0,0.2710136827814397
13056.json,national-republican-congressional-committee,true,0,0,0.43818804495408054
1103.json,glenn-beck,pants-fire,1,1,0.7966612191921126
4444.json,gail-collins,mostly-true,0,1,0.5641978163714861
9269.json,matt-bevin,false,1,1,0.5548543657039372
4105.json,shelly-moore,pants-fire,1,1,0.9241049984912187
8533.json,frank-fahrenkopf,barely-true,1,1,0.8847805379996639
6950.json,connie-mack,mostly-true,0,0,0.3405929822673369
13125.json,donald-trump,barely-true,1,1,0.7639608913056469
8294.json,nan-rich,mostly-true,0,0,0.23510693870500815
9908.json,mike-wise,mostly-true,0,0,0.028684883837486148
12424.json,todd-wilcox,false,1,0,0.49580197618607524
4309.json,democratic-party-virginia,false,1,0,0.3491614229308055
110.json,fred-thompson,false,1,0,0.41778902881866803
7677.json,ohio-public-defenders-office,mostly-true,0,0,0.0242393624481298
4780.json,jim-webb,true,0,0,0.17295622950078426
715.json,sarah-palin,false,1,1,0.5413040409488871
3107.json,dean-cannon,true,0,1,0.7713928593142718
7565.json,steve-latourette,mostly-true,0,0,0.06468475112611358
8606.json,ron-johnson,half-true,0,1,0.6800970451224948
3869.json,chris-christie,half-true,0,0,0.4799541315277097
10948.json,occupy-democrats,false,1,0,0.41585326582252585
12210.json,dan-forest,false,1,1,0.851585299629538
4119.json,barack-obama,mostly-true,0,0,0.2592923267623623
7272.json,hank-johnson,barely-true,1,1,0.5225147832280707
12236.json,hillary-clinton,half-true,0,0,0.16344042668265257
4016.json,alberta-darling,false,1,1,0.5985424760956822
6765.json,joaquin-castro,true,0,0,0.23472159469619774
11867.json,ted-cruz,false,1,1,0.5103310896095576
11777.json,paul-ryan,true,0,0,0.20213354230685324
9051.json,chain-email,pants-fire,1,1,0.857901307310229
4243.json,jon-huntsman,mostly-true,0,0,0.4502496536216477
7818.json,carolyn-tomei,mostly-true,0,0,0.01402020799912383
10871.json,gina-hinojosa,half-true,0,0,0.036908783207555876
4710.json,john-lee,half-true,0,0,0.4278070529160416
9507.json,steve-doocy,pants-fire,1,1,0.9067352648283991
11324.json,dale-kooyenga,mostly-true,0,0,0.3464507152185207
6046.json,jim-renacci,false,1,0,0.42458558856918477
8434.json,mark-obenshain,barely-true,1,0,0.2552558079164471
3637.json,donald-trump,mostly-true,0,1,0.543009745766395
7744.json,george-lavender,mostly-true,0,0,0.03166396643909176
2897.json,lee-holloway,barely-true,1,0,0.37248240728962945
6060.json,jeanne-shaheen,barely-true,1,0,0.19198228591924965
603.json,john-mccain,false,1,1,0.6108110127048183
11545.json,bernie-s,mostly-true,0,0,0.24007241511599128
10448.json,florida-chamber-commerce,half-true,0,0,0.3089669256558632
5461.json,newt-gingrich,true,0,1,0.7332915033053033
6684.json,its-still-bad-idea,pants-fire,1,0,0.3555581622371293
450.json,hillary-clinton,barely-true,1,0,0.3435426899768564
769.json,sarah-palin,true,0,0,0.34979824522697006
6425.json,eric-hovde,half-true,0,1,0.6360520555382874
502.json,barack-obama,true,0,0,0.2951279855256023
11711.json,donald-trump,true,0,1,0.7639138398899648
5470.json,heather-fiorentino,true,0,0,0.4479110698406823
8869.json,scott-surovell,mostly-true,0,0,0.03379023986073408
8159.json,wendy-davis,half-true,0,0,0.20178852298785271
6884.json,american-crossroads,half-true,0,1,0.5685623961744114
10250.json,david-hallock,false,1,1,0.6762980370415533
10757.json,marco-rubio,false,1,1,0.6173087602048977
8320.json,charlie-crist,mostly-true,0,0,0.2588785318798252
5472.json,red-white-and-blue-fund,false,1,1,0.870257609247814
5505.json,lenny-curry,true,0,1,0.5710686556558137
12427.json,job-itkzkowitz,mostly-true,0,0,0.030303592714125163
11464.json,viral-image,barely-true,1,1,0.6151883431915133
11778.json,donald-trump,barely-true,1,1,0.5815288536705244
12961.json,reince-priebus,false,1,0,0.34451857812391545
10269.json,facebook-posts,barely-true,1,1,0.6662325153216802
2833.json,rick-perry,half-true,0,0,0.26386998772650916
6110.json,rick-perry,half-true,0,1,0.5465966733514855
13400.json,eric-greitens,barely-true,1,0,0.36394206131696144
1251.json,jay-rockefeller,true,0,0,0.029047960784754183
6112.json,jeff-merkley,mostly-true,0,0,0.126009160791275
6431.json,jay-carney,false,1,1,0.5254571049179234
2615.json,rob-portman,false,1,0,0.32992837396105623
3709.json,robert-watson,false,1,1,0.9009555170601806
2652.json,kathie-glass,pants-fire,1,1,0.7906752389556481
9146.json,linda-finn,mostly-true,0,0,0.056556807900870934
184.json,barack-obama,false,1,0,0.2543840584836213
11764.json,state-democratic-party-wisconsin,pants-fire,1,0,0.3502163971373164
7692.json,dan-patrick,mostly-true,0,0,0.460074730262143
7876.json,chain-email,pants-fire,1,1,0.853519577641255
5171.json,rick-santorum,false,1,1,0.6610083264378233
12950.json,independent-voice-illinois-pac,barely-true,1,1,0.8867996319301437
11185.json,carly-fiorina,barely-true,1,1,0.5990623726179606
2412.json,republican-party-florida,false,1,1,0.8076597218844951
3215.json,scott-suder,pants-fire,1,1,0.8996545717257736
948.json,john-boehner,true,0,1,0.7178017870205478
11766.json,wendy-davis,half-true,0,0,0.21976891435044882
592.json,john-mccain,barely-true,1,1,0.5896846660379411
5732.json,mitt-romney,barely-true,1,1,0.5192500107077096
12745.json,donald-trump,half-true,0,1,0.6129649647304114
5017.json,john-boehner,barely-true,1,1,0.5671846107465481
12331.json,enterprise-florida,barely-true,1,1,0.9009901733234611
10424.json,barack-obama,mostly-true,0,0,0.21865784313688638
9091.json,facebook-posts,false,1,1,0.6220165746578497
2547.json,lloyd-doggett,true,0,0,0.258252956239828
12571.json,paul-ryan,mostly-true,0,0,0.439396229457089
7810.json,rick-scott,mostly-true,0,0,0.2901960743434394
10935.json,motion-picture-association-america,mostly-true,0,0,0.015629886376803362
8433.json,milly-silva,mostly-true,0,0,0.040157226854329625
7087.json,robin-vos,mostly-true,0,0,0.15201335129508775
1025.json,michele-bachmann,false,1,0,0.46216125649146117
6386.json,democratic-congressional-campaign-committee,barely-true,1,1,0.766955676229139
2844.json,jeff-scrima,half-true,0,0,0.041296210710614956
2392.json,george-will,barely-true,1,0,0.3558726008164859
4708.json,nina-turner,true,0,1,0.8643802872305131
8676.json,florida-democratic-party,barely-true,1,1,0.5001865728770892
8809.json,jason-carter,true,0,0,0.18456181187951226
4095.json,barack-obama,mostly-true,0,0,0.15727459838302285
13102.json,hillary-clinton,half-true,0,0,0.33855694912164136
12167.json,bernie-s,barely-true,1,0,0.34902841783675914
2876.json,john-kasich,mostly-true,0,0,0.23807225522358968
4769.json,john-birch-society,half-true,0,0,0.026376936114507893
1760.json,rick-perry,barely-true,1,0,0.37888171947663396
12943.json,donald-trump,half-true,0,1,0.753228690946751
6513.json,special-operations-opsec-education-fund,false,1,0,0.47540059194235984
7780.json,barack-obama,barely-true,1,0,0.33298239059262985
7418.json,jon-bramnick,mostly-true,0,0,0.3686730893508789
2777.json,michael-bloomberg,mostly-true,0,0,0.1930911914663573
8853.json,rand-paul,false,1,1,0.5445699640590524
7758.json,bill-richardson,mostly-true,0,0,0.26161699330823224
11796.json,donald-trump,half-true,0,1,0.8434058315928068
11573.json,hillary-clinton,half-true,0,0,0.18668176465195122
9521.json,ted-cruz,half-true,0,1,0.6378537741916981
10208.json,anna-kooiman,barely-true,1,1,0.8979646218425703
5756.json,barack-obama,half-true,0,0,0.19988543083074323
1569.json,george-will,mostly-true,0,1,0.6011864942612054
11805.json,virginia-center-public-safety,true,0,0,0.04630551787545627
805.json,john-mccain,mostly-true,0,0,0.4147000620323094
8030.json,tweets,barely-true,1,1,0.5145664997146805
7678.json,clean-water-portland,false,1,1,0.8423663243450598
139.json,tom-tancredo,mostly-true,0,0,0.45057970562048033
7271.json,john-kitzhaber,true,0,0,0.14019256861234872
11409.json,dave-brat,false,1,1,0.5086420222500406
688.json,fred-thompson,false,1,0,0.224517454614583
3726.json,one-wisconsin-now,mostly-true,0,0,0.3150516881871081
7461.json,arne-duncan,barely-true,1,0,0.47200716283106153
5363.json,us-chamber-commerce,false,1,1,0.6880315534071502
9942.json,george-will,true,0,0,0.49212303703029736
3575.json,scott-walker,true,0,1,0.5216955712655871
2205.json,gen-peter-chiarelli,true,0,0,0.023326341016872126
7552.json,jeff-mullis,mostly-true,0,0,0.016216301510415785
7135.json,association-mature-american-citizens,pants-fire,1,1,0.9362468854304233
384.json,votevetsorg,true,0,0,0.4274423936003657
13007.json,sean-hannity,true,0,1,0.5275614258499278
12994.json,hilary-rosen,mostly-true,0,0,0.08893064470146218
3436.json,matt-gaetz,false,1,0,0.4583729721751937
5810.json,citizens-transportation-mobility,mostly-true,0,0,0.23072515054482673
6141.json,tommy-thompson,pants-fire,1,1,0.7277554090458074
6.json,chris-dodd,half-true,0,0,0.09066909708267656
9891.json,ted-cruz,half-true,0,0,0.4417349940434639
1971.json,john-albers,false,1,0,0.38201618564299794
7008.json,mitt-romney,mostly-true,0,0,0.3569980036271532
8963.json,matt-bevin,pants-fire,1,1,0.6843962153396582
13040.json,russ-feingold,half-true,0,1,0.5038386850762688
8151.json,rand-paul,false,1,0,0.3543157458418598
6236.json,eric-hovde,barely-true,1,0,0.48462040096860415
6974.json,tennessee-republican-party,false,1,1,0.8979210342587685
6879.json,josh-mandel,barely-true,1,0,0.45436984557970067
11639.json,jeb-bush,mostly-true,0,0,0.4246591951252152
9343.json,dick-cheney,barely-true,1,1,0.6495255572215878
422.json,hillary-clinton,half-true,0,0,0.40350573698334263
1448.json,barack-obama,half-true,0,0,0.25634134626548444
737.json,barack-obama,false,1,0,0.2866362989585856
10516.json,dave-claunch,mostly-true,0,0,0.024268275485850813
4750.json,allen-west,false,1,1,0.5886112285794809
8604.json,chain-email,false,1,1,0.7922424781364296
729.json,john-mccain,half-true,0,1,0.5194758131489193
12702.json,mike-cernovich,pants-fire,1,1,0.8852247073762647
8901.json,van-jones,true,0,0,0.3507078438085491
11546.json,richard-paglia,half-true,0,0,0.023367884300586582
1353.json,john-murtha,barely-true,1,1,0.8916764706389935
5938.json,mark-neumann,false,1,0,0.46623758361717954
12158.json,rick-scott,barely-true,1,1,0.5526565530267961
656.json,joe-biden,mostly-true,0,0,0.3896847307367349
10085.json,larry-pressler,false,1,1,0.7996583626659631
5824.json,jennifer-carroll,false,1,1,0.9357946488210939
5753.json,lisa-tomasso,true,0,0,0.046225214995528424
5512.json,stephen-laffey,false,1,1,0.9206637309199823
125.json,mitt-romney,mostly-true,0,0,0.2839184364898861
6010.json,lenny-curry,half-true,0,1,0.5071546119377461
727.json,john-mccain,mostly-true,0,0,0.3871595315571496
42.json,rudy-giuliani,barely-true,1,0,0.3220676377246423
8511.json,sid-covington,half-true,0,0,0.04771963082452362
6262.json,democratic-congressional-campaign-committee,pants-fire,1,1,0.8267645005383174
9502.json,barack-obama,mostly-true,0,0,0.20572148792516906
11351.json,jennifer-shilling,mostly-true,0,0,0.35149855184620143
8558.json,kenneth-block,false,1,0,0.13793840931103057
12084.json,donald-trump,true,0,1,0.7088317524226896
568.json,barack-obama,true,0,0,0.3229639028728721
7537.json,sean-duffy,half-true,0,1,0.5530145776617885
9708.json,rick-perry,pants-fire,1,0,0.28092201821419954
7524.json,jamie-radtke,half-true,0,0,0.2814307147693792
4537.json,rick-perry,mostly-true,0,0,0.22017986732963035
8549.json,city-austin,barely-true,1,1,0.8525650313188204
11736.json,jeb-bush,half-true,0,0,0.3570347343200359
8062.json,barack-obama,half-true,0,0,0.21486977306054902
3158.json,john-kitzhaber,mostly-true,0,0,0.19094289066348127
10794.json,robert-hurt,false,1,1,0.7625136741201479
12461.json,blog-posting,true,0,1,0.9255793422786156
8609.json,kurt-schrader,half-true,0,0,0.38993645116948417
63.json,chris-dodd,mostly-true,0,0,0.029529420446978167
6560.json,jeb-bush,true,0,0,0.2711302581070247
3546.json,john-boehner,half-true,0,1,0.6443247103353568
3036.json,national-federation-independent-business-wiscons,false,1,1,0.8909258109268288
11910.json,ben-carson,pants-fire,1,1,0.7067371756300475
4101.json,marco-rubio,mostly-true,0,0,0.42113480641887907
10175.json,scott-walker,mostly-true,0,0,0.4689035562917637
4593.json,edd-houck,false,1,1,0.8912484030307983
5985.json,anastasia-williams,false,1,1,0.7915068905762416
1881.json,thomas-melsheimer,barely-true,1,1,0.7300749071827081
204.json,mitt-romney,false,1,0,0.3241789334562006
10091.json,Rhode_Island_Catholic,true,0,0,0.03684569112104764
1409.json,kay-bailey-hutchison,false,1,0,0.375186739521763
2769.json,childrens-healthcare-atlanta,true,0,0,0.027231485860172846
2600.json,betty-sutton,mostly-true,0,0,0.39673669011496643
4822.json,rebecca-kleefisch,half-true,0,1,0.6007188779298779
5536.json,stephen-sweeney,half-true,0,0,0.46811070383817405
2911.json,dennis-kucinich,false,1,0,0.1947377507956269
12787.json,donald-trump,half-true,0,1,0.8020979619944233
2442.json,delia-lopez,pants-fire,1,1,0.9501752014338681
3489.json,greater-wisconsin-political-fund,barely-true,1,1,0.584957745406579
12006.json,paul-ryan,false,1,0,0.35666433751553683
9109.json,ed-schultz,barely-true,1,1,0.6718473403874815
12661.json,cory-booker,mostly-true,0,0,0.14091604266595442
6447.json,gail-collins,half-true,0,1,0.6729579213073381
2983.json,sam-adams,true,0,0,0.16472726542425337
13467.json,political-insider,pants-fire,1,1,0.9290225588004551
921.json,barack-obama,false,1,0,0.31206314173205985
9141.json,charles-krauthammer,barely-true,1,1,0.5360432657463822
12648.json,freedom-partners-action-fund,barely-true,1,1,0.6289932964097146
3674.json,troy-fraser,pants-fire,1,1,0.850425742344135
6577.json,scott-walker,half-true,0,0,0.2993677657974082
8240.json,james-oneil,false,1,1,0.7898755681593264
9405.json,rick-scott,mostly-true,0,1,0.5711777661796567
1892.json,john-boehner,true,0,0,0.4361801450593426
2754.json,john-boccieri,half-true,0,0,0.042191583943487515
31.json,tommy-thompson,true,0,0,0.4891699447525378
4711.json,lloyd-doggett,mostly-true,0,0,0.1648015214493411
664.json,hillary-clinton,false,1,0,0.2532757195054269
1199.json,national-right-life-committee,true,0,1,0.5216054919900527
11865.json,adrian-garcia,barely-true,1,1,0.8453675321266222
87.json,barack-obama,true,0,0,0.4184342705188511
9312.json,rick-santorum,mostly-true,0,0,0.4057611340236303
10638.json,tyrone-brooks,half-true,0,0,0.040890266363705026
3021.json,david-wyss,true,0,0,0.03414206468875343
379.json,hillary-clinton,true,0,0,0.19395784533508165
5272.json,ron-paul,half-true,0,1,0.5654203423996143
683.json,rudy-giuliani,true,0,0,0.37078927958294455
1781.json,linda-chavez-thompson,true,0,0,0.035480806498530144
11687.json,jeb-bush,mostly-true,0,0,0.4056487436346925
2975.json,kay-bailey-hutchison,half-true,0,0,0.41439736863203636
771.json,sarah-palin,barely-true,1,0,0.49913261075710336
3991.json,scott-walker,half-true,0,0,0.36520166076777716
11923.json,hillary-clinton,half-true,0,0,0.1977558579388514
10749.json,gwyneth-paltrow,barely-true,1,1,0.802313489560168
3946.json,doug-whitsett,half-true,0,0,0.3874698141755278
7834.json,mark-pocan,true,0,0,0.26111838705819057
6290.json,ohio-republican-party,half-true,0,1,0.6104836934798016
1477.json,chain-email,false,1,1,0.8971676636426155
10881.json,chris-taylor,mostly-true,0,0,0.45363648115023464
4396.json,george-allen,mostly-true,0,0,0.4696927255102094
6206.json,chris-christie,true,0,0,0.4162844576653978
9970.json,jason-carter,true,0,0,0.15721816589087048
4353.json,sherrod-brown,true,0,0,0.3273662725720498
1394.json,texas-democratic-party,false,1,1,0.5831332471388166
7695.json,johnny-isakson,true,0,0,0.3974654806018569
4770.json,mitt-romney,barely-true,1,1,0.5244323782166095
1052.json,john-mccain,true,0,0,0.45451113524776326
5249.json,donald-mceachin,false,1,1,0.9429104788027773
3700.json,stephen-ucci,false,1,1,0.9272498588663853
8683.json,peter-orszag,true,0,1,0.9134096570825962
12798.json,harry-reid,barely-true,1,1,0.5666128657598656
4838.json,george-lemieux,half-true,0,0,0.3986064338502284
7680.json,dianne-feinstein,mostly-true,0,0,0.3176511274412288
1999.json,charlie-crist,true,0,0,0.45207189424945593
12873.json,viral-image,pants-fire,1,1,0.533573455606272
9683.json,peter-lavelle,pants-fire,1,1,0.893661057497808
6660.json,barack-obama,mostly-true,0,0,0.21928023998391122
13527.json,reince-priebus,false,1,1,0.6600964997423007
2626.json,edwin-pacheco,false,1,1,0.9221945146384904
2814.json,john-kasich,half-true,0,0,0.35676601154006266
7598.json,john-lewis,half-true,0,0,0.31951682554467054
2746.json,matt-wand,barely-true,1,1,0.9201540718133143
12448.json,donald-trump,barely-true,1,1,0.7790195795717874
3232.json,matt-lundy,true,0,0,0.05213591046341139
11226.json,jim-webb,mostly-true,0,0,0.24018028585146198
487.json,hillary-clinton,barely-true,1,0,0.2802119610072933
6858.json,dan-sebring,mostly-true,0,0,0.03073190471071472
8701.json,state-democratic-party-wisconsin,false,1,1,0.7484867639374023
10606.json,jeb-bush,barely-true,1,0,0.49824854724336587
9016.json,tom-graves,half-true,0,0,0.3889976626616192
2371.json,john-mccain,barely-true,1,0,0.3835482955439148
12065.json,donald-trump,true,0,1,0.7679457020902783
2362.json,barack-obama,mostly-true,0,0,0.26536275845992086
2868.json,jim-doyle,false,1,0,0.4354991037598971
13305.json,donald-trump,true,0,1,0.6628240348300896
8503.json,jonathan-karl,true,0,0,0.053078886554205874
2428.json,republican-governors-association,half-true,0,0,0.30839444506100333
636.json,barack-obama,true,0,0,0.3567228056035583
5758.json,afscme,barely-true,1,0,0.4741548975619143
2793.json,greg-abbott,mostly-true,0,0,0.37386627732331046
9426.json,john-oliver,true,0,0,0.026497107559232774
5898.json,george-lemieux,barely-true,1,0,0.383798887418113
11218.json,marco-rubio,mostly-true,0,0,0.4000992721979337
12703.json,unicef,mostly-true,0,0,0.023983344784364185
5462.json,campaign-primary-accountability,false,1,1,0.9150377358844408
1955.json,michael-j-gardiner,pants-fire,1,1,0.9072325136590881
11647.json,george-will,mostly-true,0,0,0.3756031088791331
11139.json,jeb-bush,mostly-true,0,0,0.1920515686562239
1648.json,barack-obama,mostly-true,0,0,0.4074300162722863
5371.json,rick-santorum,false,1,1,0.5650372152407142
4425.json,john-kasich,barely-true,1,0,0.14545324112677926
2498.json,bill-white,mostly-true,0,0,0.35956613913611063
4131.json,brian-kemp,true,0,1,0.8055031677064525
2341.json,mark-neumann,mostly-true,0,1,0.7482466190323988
5551.json,dennis-richardson,half-true,0,0,0.24832156899183086
757.json,john-mccain,half-true,0,1,0.5622717827185842
11519.json,tammy-baldwin,true,0,0,0.3218608271108975
5785.json,chain-email,pants-fire,1,1,0.8932153470655689
2284.json,glenn-beck,pants-fire,1,1,0.7554471213216326
12650.json,donald-trump,barely-true,1,1,0.7052270160513748
9480.json,erin-lynch,barely-true,1,1,0.7786231582679422
643.json,joe-biden,half-true,0,0,0.23494248415458133
11242.json,nicholas-kristof,true,0,0,0.38703501250681493
7038.json,sherrod-brown,true,0,0,0.340727753962793
6772.json,Yes-on-79,pants-fire,1,0,0.39524544310387216
7952.json,jeff-sessions,false,1,0,0.4766047841868975
13134.json,hillary-clinton,half-true,0,0,0.18927847925192806
2181.json,james-langevin,half-true,0,0,0.39033384560245477
9629.json,john-kerry,mostly-true,0,0,0.29003770037118237
3668.json,richard-saslaw,false,1,1,0.9243837748388855
11327.json,marco-rubio,mostly-true,0,0,0.4113850233000008
3818.json,adam-hasner,mostly-true,0,0,0.21638083874065006
2218.json,todd-staples,half-true,0,0,0.20433089201868043
11562.json,donald-trump,pants-fire,1,1,0.8365937738005123
9622.json,mitch-mcconnell,true,0,0,0.32243791145375533
9995.json,mary-burke,mostly-true,0,0,0.2453920753572849
7344.json,paul-ryan,barely-true,1,0,0.2826099311183675
5840.json,americans-prosperity,false,1,1,0.6391660013040339
1576.json,americas-health-insurance-plans,true,0,0,0.04904799466374506
13127.json,hillary-clinton,mostly-true,0,0,0.24622794707338033
12098.json,john-kasich,mostly-true,0,0,0.3200619065759723
12272.json,hillary-clinton,mostly-true,0,0,0.21281550597291143
5993.json,conservative-voters-texas-pac,pants-fire,1,1,0.9243138306542305
9285.json,laura-ingraham,false,1,1,0.7584110698467996
7165.json,libertarian-party-georgia,half-true,0,0,0.43402807741028043
11025.json,maggie-hassan,false,1,0,0.17610694460884532
7577.json,deborah-gist,mostly-true,0,0,0.01855489865692348
2719.json,bill-white,barely-true,1,0,0.3352379373579979
3631.json,kathleen-angelucci,barely-true,1,1,0.8349840955291494
7211.json,john-boehner,false,1,0,0.35196288162992445
1480.json,glenn-beck,barely-true,1,1,0.5518290244085384
1512.json,marco-rubio,half-true,0,1,0.5483869522234412
10517.json,nathan-deal,half-true,0,0,0.21927039882243757
5723.json,allen-west,pants-fire,1,1,0.657976189536459
7378.json,marco-rubio,half-true,0,0,0.43943419821330953
531.json,john-mccain,mostly-true,0,0,0.28975117851303467
474.json,barack-obama,barely-true,1,0,0.3670882350829501
2250.json,rick-scott,false,1,0,0.46196135440664715
126.json,joe-biden,mostly-true,0,0,0.43354335867718563
10646.json,juda-engelmayer,pants-fire,1,1,0.8944238694178338
1823.json,chris-matthews,true,0,0,0.29164935263389646
9731.json,rick-scott,barely-true,1,0,0.3528628267548914
9594.json,facebook-posts,pants-fire,1,1,0.7014737269516759
12026.json,jim-kenney,half-true,0,0,0.3577196082419443
5971.json,cory-booker,false,1,0,0.23094168052770084
6857.json,mitt-romney,false,1,0,0.47963276169453123
3112.json,mario-gallegos,half-true,0,0,0.03188357063152644
11832.json,bob,pants-fire,1,1,0.8934118485379153
2337.json,rick-scott,half-true,0,1,0.5451216141475421
10853.json,hillary-clinton,false,1,0,0.2615271893505814
9050.json,dan-pfeiffer,mostly-true,0,0,0.03968996534174696
9427.json,robin-vos,mostly-true,0,0,0.4342913121886872
2830.json,paul-krugman,half-true,0,0,0.36152505111315925
9756.json,alison-lundergan-grimes,half-true,0,0,0.3762701964632448
6532.json,barack-obama,mostly-true,0,0,0.15692216520276522
4805.json,kurt-schuller,false,1,1,0.8200140232398533
3648.json,miguel-diaz-de-la-portilla,false,1,1,0.8891800886712649
4994.json,newt-gingrich,half-true,0,1,0.7268859052734122
4715.json,democratic-national-committee,half-true,0,0,0.42665787984774384
526.json,john-mccain,barely-true,1,0,0.23010249154512802
8673.json,pam-bondi,true,0,0,0.39279094915910906
9273.json,brian-wilson,pants-fire,1,1,0.9152065867791944
9973.json,emma-watson,half-true,0,0,0.043480563765543406
3.json,bill-richardson,mostly-true,0,0,0.24495696327730404
9197.json,jim-demint,false,1,1,0.8841516943608811
9610.json,jack-kingston,false,1,0,0.28775652092505366
1150.json,orrin-hatch,half-true,0,0,0.32930345494136737
2087.json,dennis-kucinich,true,0,0,0.17624045446911918
7051.json,betty-sutton,half-true,0,0,0.4979351128041886
8035.json,robert-reich,false,1,0,0.4233235626833663
1329.json,ed-rendell,barely-true,1,1,0.8685442816945548
1574.json,americans-united-change,mostly-true,0,0,0.2690686241424071
6745.json,mitt-romney,mostly-true,0,0,0.47124978776481025
4289.json,sam-adams,half-true,0,0,0.3325746914245809
4383.json,dennis-richardson,false,1,0,0.4098472339701175
12089.json,katie-mcginty,mostly-true,0,0,0.23178238987530408
12976.json,sean-hannity,false,1,1,0.5224214500524546
5170.json,lou-greenwald,true,0,0,0.259823843071063
6976.json,george-allen,true,0,0,0.3459026910734166
7838.json,chain-email,pants-fire,1,1,0.9013987543955129
2643.json,scott-walker,false,1,1,0.6349194907080121
1810.json,todd-staples,half-true,0,1,0.5987678293542226
10097.json,Local-799-international-assoc-fire-fighters,pants-fire,1,1,0.9508626165291197
13236.json,tim-kaine,barely-true,1,0,0.1697055711032166
2568.json,doug-ainge,false,1,0,0.10101324573961872
12833.json,dave-brat,false,1,0,0.4731190869189932
1894.json,donna-brazile,half-true,0,0,0.17316394227817677
7881.json,kirsten-gillibrand,mostly-true,0,0,0.029910390968283802
5603.json,glenn-grothman,true,0,1,0.6436051817622743
5759.json,anonymous-flier,false,1,1,0.9152288528732999
6207.json,chris-christie,half-true,0,0,0.19626617499483912
2149.json,kendrick-meek,false,1,0,0.4201817916868438
2445.json,mahmoud-ahmadinejad,false,1,1,0.9111968582694937
5910.json,john-ludlow,half-true,0,0,0.3675564023712668
2596.json,john-kitzhaber,half-true,0,0,0.16235749035885577
10399.json,rand-paul,false,1,0,0.27170750027330853
792.json,john-mccain,half-true,0,1,0.5867738874101683
12929.json,julian-castro,true,0,0,0.022947893654116664
12791.json,democratic-congressional-campaign-committee,barely-true,1,1,0.73982732061536
9003.json,rick-scott,barely-true,1,0,0.25416379387207005
3811.json,scott-fitzgerald,false,1,1,0.6645652669324654
3399.json,morgan-griffith,false,1,0,0.4603240365890888
11229.json,glen-sturtevant,true,0,1,0.9041586735901139
3800.json,herman-cain,false,1,1,0.6270057225421595
10283.json,bernie-s,mostly-true,0,0,0.1500063390316511
352.json,hillary-clinton,mostly-true,0,0,0.2318503910222859
4134.json,alan-hays,false,1,1,0.9394529560643816
5278.json,jim-jordan,half-true,0,0,0.1676244654669178
2165.json,sam-olens,half-true,0,0,0.4623094383816811
7448.json,kasim-reed,true,0,0,0.21321366129466637
12987.json,jimmy-carter,true,0,0,0.34279609854424115
5132.json,georgia-democrats,half-true,0,0,0.05790468034972236
13329.json,kellyanne-conway,barely-true,1,1,0.9228071257092068
4588.json,rick-perry,true,0,1,0.5635032177240629
6455.json,warren-kampf,mostly-true,0,0,0.04937976175293862
10282.json,jesse-ventura,pants-fire,1,1,0.5977749832205408
211.json,john-mccain,true,0,0,0.3844991891367072
7676.json,michael-chippendale,barely-true,1,0,0.42667037700267235
1873.json,chain-email,false,1,1,0.8229383052785212
2443.json,john-kasich,half-true,0,0,0.27857008333491423
3841.json,tim-pawlenty,half-true,0,0,0.4483532328139309
12284.json,bernie-s,mostly-true,0,0,0.45167882557680356
7197.json,john-kitzhaber,mostly-true,0,0,0.3200237750499048
12858.json,barack-obama,half-true,0,0,0.3700324018420905
2633.json,mark-kirk,half-true,0,0,0.44526478203479075
6041.json,jack-latvala,half-true,0,0,0.02580463785182981
3414.json,bernie-s,false,1,0,0.332205516445526
4323.json,thaddeus-mccotter,mostly-true,0,0,0.02997707609264158
1679.json,robert-gates,half-true,0,0,0.07021347564952087
275.json,rudy-giuliani,barely-true,1,1,0.573273538334067
13208.json,jason-kander,mostly-true,0,0,0.3632269206874126
5911.json,rob-portman,half-true,0,0,0.4431468797505426
4277.json,reince-priebus,false,1,0,0.47981258589316683
752.json,barack-obama,half-true,0,0,0.27102232068278326
2601.json,kurt-schrader,false,1,0,0.2761061351773796
1450.json,debra-medina,half-true,0,0,0.3883686072457514
5653.json,andrew-napolitano,pants-fire,1,1,0.6203264792323203
13046.json,yes-55,barely-true,1,1,0.9305661735075261
3103.json,jamie-radtke,true,0,0,0.22322126437884518
2894.json,glenn-beck,pants-fire,1,1,0.6443978558770868
1012.json,nancy-pelosi,false,1,1,0.56668164167844
9112.json,facebook-posts,false,1,1,0.5036188959767285
2945.json,jack-kingston,mostly-true,0,0,0.3453581001090776
9944.json,bob-goodlatte,true,0,0,0.23671254680076895
6839.json,tammy-baldwin,barely-true,1,0,0.40372838136326955
3673.json,chris-larson,barely-true,1,1,0.7232100178982912
13058.json,barack-obama,true,0,0,0.32449372921329167
3941.json,rob-portman,half-true,0,0,0.2879747802888433
10917.json,bobby-jindal,false,1,1,0.5542540197722234
13155.json,russ-feingold,false,1,0,0.3819875189818913
9301.json,blog-posting,pants-fire,1,1,0.8439871600344798
5486.json,silvestre-reyes,half-true,0,0,0.47982306005682096
4579.json,american-crossroads,false,1,1,0.6775028369776156
10943.json,austin-scott,true,0,1,0.8783296801589816
12728.json,rick-scott,false,1,0,0.40637882984714707
92.json,mitt-romney,half-true,0,0,0.3072603979493446
11230.json,bobby-jindal,half-true,0,0,0.2863437714327775
2720.json,american-federation-children,pants-fire,1,1,0.8284491948617824
582.json,barack-obama,true,0,0,0.2719793411652841
13227.json,donald-trump,false,1,1,0.8089447033379009
12052.json,marco-rubio,true,0,1,0.531208535400528
1010.json,barack-obama,half-true,0,0,0.25666443420119595
1333.json,chain-email,true,0,1,0.5398805877709177
2603.json,hank-gilbert,false,1,0,0.4311977579303412
2731.json,barack-obama,mostly-true,0,0,0.25077604801779746
3434.json,rick-perry,mostly-true,0,0,0.2697350230010467
788.json,john-mccain,mostly-true,0,0,0.3463540191532575
1691.json,julian-assange,half-true,0,0,0.05688075155232108
605.json,john-mccain,false,1,1,0.5840985934039078
6195.json,dan-ramos,false,1,0,0.20061471143496706
1350.json,mitch-mcconnell,true,0,1,0.5534613746084389
7706.json,sheldon-whitehouse,half-true,0,0,0.22815680776342367
12037.json,ron-johnson,half-true,0,0,0.39580034613850634
8710.json,brett-smiley,mostly-true,0,0,0.020327597299074338
960.json,chuck-grassley,half-true,0,0,0.33524680290628406
10544.json,rudy-giuliani,false,1,1,0.5128821387240087
4391.json,kinky-friedman,barely-true,1,1,0.5039449666661487
13186.json,tim-kaine,half-true,0,0,0.174822310237485
9692.json,ed-macdougall,barely-true,1,1,0.9293385129429436
7401.json,peter-courtney,mostly-true,0,0,0.022709364487413914
13405.json,mike-pence,half-true,0,0,0.35506925307103565
230.json,hillary-clinton,true,0,0,0.3020150745859165
3037.json,tim-kaine,half-true,0,0,0.2412938837273612
207.json,john-mccain,true,0,0,0.2456576478965883
3608.json,mike-ford,false,1,1,0.9469514500660233
3789.json,ameripac,barely-true,1,0,0.4754576649192071
7775.json,ron-meyer,half-true,0,0,0.01620406945898407
12160.json,viral-media-reports,barely-true,1,1,0.8388736085756615
12870.json,america-rising-now,barely-true,1,1,0.905528654496343
10069.json,debbie-wasserman-schultz,false,1,0,0.4693512920558342
3366.json,ward-armstrong,true,0,1,0.8076786128665496
10806.json,john-taylor-2,true,0,0,0.04499985870491808
9681.json,bryan-fischer,pants-fire,1,1,0.7497386724069656
1015.json,newt-gingrich,barely-true,1,1,0.5113597143307131
13486.json,rush-limbaugh,half-true,0,1,0.7360346731468684
8798.json,bob-terry,false,1,1,0.8888097333555709
2514.json,phil-gingrey,false,1,1,0.559576682748275
10633.json,glenn-beck,false,1,1,0.6882110360049658
10883.json,rebecca-quigley,false,1,1,0.8972390077140678
13213.json,kamala-harris,half-true,0,0,0.055844997374517376
5698.json,barack-obama,half-true,0,0,0.25696211814890163
11701.json,lamar-smith,false,1,1,0.5205858710591393
2315.json,blanche-lincoln,barely-true,1,0,0.45158224613603976
4626.json,no-casinos,mostly-true,0,0,0.050088894822249576
11307.json,donald-trump,barely-true,1,1,0.8399080507633877
11925.json,tim-mcginty,true,0,0,0.02296139977356957
4259.json,richard-codey,true,0,0,0.03653567874868382
5061.json,chris-christie,pants-fire,1,0,0.1771278754263388
4141.json,ann-marie-buerkle,half-true,0,1,0.604470592767587
4175.json,debbie-wasserman-schultz,half-true,0,0,0.3160416665069951
9462.json,florida-democratic-party,mostly-true,0,0,0.4542763092799919
3987.json,democratic-congressional-campaign-committee,mostly-true,0,1,0.690707148223799
293.json,vietnam-veterans-against-john-mccain,pants-fire,1,1,0.9174980224227864
7728.json,chris-christie,mostly-true,0,0,0.3950719373347005
2117.json,susana-martinez,half-true,0,0,0.28668889380051293
4825.json,democratic-national-committee,half-true,0,0,0.4734387924612607
9516.json,greg-abbott,barely-true,1,1,0.6087645440101376
12834.json,donald-trump,false,1,1,0.8221273364603919
3980.json,piers-morgan,false,1,1,0.9402949171522074
3231.json,herman-cain,half-true,0,0,0.33295233666048185
386.json,john-mccain,mostly-true,0,0,0.4857732213328718
11288.json,reid-ribble,half-true,0,1,0.7003478449440439
660.json,mark-warner,half-true,0,0,0.15446744839578805
1106.json,chain-email,true,0,1,0.8062212992283387
2105.json,rick-perry,false,1,1,0.5992171456309948
446.json,focus-family-action,barely-true,1,1,0.8527201759829167
10271.json,keisha-lance-bottoms,mostly-true,0,0,0.055554431943345084
4866.json,republican-national-committee-republican,half-true,0,1,0.5668339872891076
8419.json,ted-cruz,false,1,1,0.5262531283834935
3136.json,peter-kilmartin,half-true,0,0,0.3937641694024906
12093.json,mark-herring,barely-true,1,0,0.3278944264847191
317.json,bill-clinton,true,0,0,0.19035623558520873
6295.json,josh-mandel,pants-fire,1,1,0.6653732145281057
6610.json,bob-buckhorn,mostly-true,0,1,0.5209135209691218
5597.json,susan-cole,true,0,0,0.029122923536510876
1234.json,michael-moore,false,1,1,0.5912091837782693
4995.json,jim-sensenbrenner,true,0,1,0.5385563567532807
9095.json,facebook-posts,pants-fire,1,1,0.7324714700225029
10451.json,john-boehner,half-true,0,0,0.4173088085399791
4679.json,rick-perry,half-true,0,0,0.2972438083311475
6011.json,caroline-casagrande,mostly-true,0,0,0.07241398481627045
255.json,chris-dodd,mostly-true,0,0,0.05918093627136616
3664.json,victoria-taft,false,1,1,0.8825447036004342
11262.json,eric-bolling,false,1,0,0.23452191626354993
9388.json,mike-collins,barely-true,1,0,0.2921169803398159
12596.json,hillary-clinton,barely-true,1,0,0.2481448387008963
8689.json,dennis-hastert,half-true,0,0,0.02673659168634695
13420.json,hillary-clinton,true,0,0,0.1616651974648597
11911.json,marco-rubio,barely-true,1,0,0.3007568948521774
5450.json,ron-paul,half-true,0,1,0.5609783474723098
2993.json,rick-perry,mostly-true,0,0,0.4992945631712569
3740.json,tim-kaine,half-true,0,0,0.15916069673585828
12720.json,chris-christie,half-true,0,0,0.40557332284200914
1653.json,democratic-national-committee,half-true,0,0,0.37659921756823966
3731.json,barack-obama,true,0,0,0.15714707990382357
8103.json,rick-kriseman,half-true,0,0,0.3894097578745614
1439.json,democratic-national-committee,half-true,0,0,0.22134758472081512
5779.json,michael-adams,half-true,0,0,0.022230717253603847
10567.json,thomas-tobin,false,1,1,0.8409683678580021
10111.json,rick-scott,false,1,0,0.2842867154840587
11256.json,viral-image,mostly-true,0,1,0.8182648439624045
10543.json,scott-walker,false,1,1,0.6184780298305423
7904.json,scott-walker,barely-true,1,0,0.30870176317006126
4709.json,allen-west,barely-true,1,1,0.7360174981659693
8854.json,mary-burke,half-true,0,0,0.16766187837020846
4116.json,john-boehner,false,1,1,0.5371236294873661
5131.json,kriner-cash,mostly-true,0,0,0.02395170442530155
11861.json,sarah-palin,false,1,0,0.4369984125716194
9435.json,hillary-clinton,mostly-true,0,0,0.16212544366748
12805.json,joe-biden,mostly-true,0,0,0.21673595171166954
9801.json,gina-raimondo,true,0,0,0.40162711965358117
2195.json,rick-perry,false,1,1,0.6958663350704508
11370.json,espn,mostly-true,0,0,0.031815666279840144
9771.json,nextgen-climate,half-true,0,0,0.07115836140918412
3676.json,adam-hasner,mostly-true,0,0,0.43452777737068726
4615.json,tom-kean-jr,half-true,0,0,0.4449791109467205
7742.json,metro,false,1,0,0.0666257022952566
2394.json,republican-governors-association,half-true,0,1,0.6786100382709488
817.json,republican-national-committee-republican,pants-fire,1,0,0.46178580219149146
13051.json,paul-wolfowitz,barely-true,1,1,0.9297928788935215
11345.json,tammy-baldwin,half-true,0,0,0.2703235438827114
7387.json,marco-rubio,barely-true,1,1,0.5236055928934852
4400.json,new-hampshire-democratic-party,half-true,0,0,0.18844447807474396
3541.json,armond-budish,half-true,0,0,0.16113229539124993
12187.json,rick-scotts-starbucks-heckler,half-true,0,0,0.062082682579615835
7340.json,barack-obama,true,0,0,0.17662408097147062
10355.json,hank-huckaby,true,0,0,0.026065502639460444
10467.json,rick-perry,half-true,0,0,0.33864493988200417
8089.json,oregon-catalyst,false,1,1,0.9017721214864535
12526.json,larry-yarborough,mostly-true,0,0,0.031124918873147566
10898.json,al-sharpton,barely-true,1,1,0.5000936175267395
7541.json,chris-christie,half-true,0,0,0.31115357282314654
7136.json,john-kitzhaber,barely-true,1,0,0.22816117816782816
6325.json,michael-bloomberg,half-true,0,0,0.25924930522314044
12855.json,richard-durbin,true,0,0,0.42632747858938824
10512.json,leonidas-raptakis,false,1,0,0.4794831342384482
12336.json,colorado-health-institute,mostly-true,0,0,0.031082053357436353
11726.json,dan-patrick,barely-true,1,0,0.3386918971111815
3904.json,brian-deese,half-true,0,0,0.028666758288995203
6774.json,national-rifle-association,mostly-true,0,0,0.32402620799364756
1324.json,rachel-maddow,barely-true,1,1,0.6268404995625831
6813.json,paul-ryan,barely-true,1,1,0.62436260073464
9737.json,dbanj,false,1,1,0.8951180008217675
6366.json,scott-garrett,barely-true,1,1,0.9310985622469199
9316.json,harry-reid,mostly-true,0,0,0.3878307763167146
992.json,barack-obama,mostly-true,0,0,0.15973519469175776
699.json,john-mccain,half-true,0,0,0.4684527737229631
9033.json,rob-portman,true,0,0,0.22490939850490282
5950.json,mitt-romney,true,0,0,0.4449874649787823
10041.json,dan-patrick,half-true,0,1,0.579465243586576
5528.json,paul-sadler,true,0,0,0.31177433192016163
8414.json,rick-kriseman,false,1,0,0.3397759517849164
4189.json,national-republican-congressional-committee,false,1,1,0.5788464916991539
9333.json,sean-hannity,half-true,0,1,0.747089087535001
9052.json,david-dewhurst,mostly-true,0,1,0.6229667315034516
12478.json,sharron-angle,barely-true,1,0,0.42594426163115146
1405.json,glenn-beck,barely-true,1,0,0.26512066942490803
3235.json,barack-obama,false,1,0,0.29237511267316346
1514.json,alex-sink,barely-true,1,0,0.23031621572974284
6919.json,tim-kaine,barely-true,1,0,0.2036009265282957
9774.json,republican-party-florida,false,1,1,0.6581988135801113
5640.json,chain-email,barely-true,1,1,0.8607197628201685
9444.json,mary-burke,barely-true,1,0,0.26499414541510957
12449.json,kelly-ayotte,mostly-true,0,0,0.3793978641239265
4432.json,dan-ramos,mostly-true,0,0,0.38153456851676104
5749.json,greg-abbott,half-true,0,0,0.34978256611333036
8192.json,rene-garcia,barely-true,1,1,0.8340467519108995
7886.json,christine-whitman,mostly-true,0,0,0.057642424841552235
9431.json,americans-safe-access,barely-true,1,1,0.9388508500937098
7721.json,bob-goodlatte,half-true,0,0,0.3445246478115425
2616.json,christine-odonnell,pants-fire,1,1,0.52522296961654
2122.json,americans-job-security,half-true,0,0,0.07475530602654247
1280.json,charlie-crist,barely-true,1,0,0.4423398745806029
2477.json,steve-southerland,false,1,0,0.16737960736799803
6123.json,eric-hovde,false,1,1,0.5079879181281833
7814.json,new-jersey-state-afl-cio,mostly-true,0,0,0.04045984607194598
901.json,spencer-bachus,false,1,1,0.8540842100415943
6720.json,rob-zerban,false,1,1,0.8455540577984416
4628.json,hank-johnson,mostly-true,0,0,0.17156334108510995
11303.json,jay-nixon,mostly-true,0,0,0.31325190156641497
2986.json,talgo-inc,true,0,0,0.07635637919883333
10783.json,representus,mostly-true,0,0,0.027232426863588868
13350.json,patrick-murphy,half-true,0,0,0.4485533107494433
258.json,mitt-romney,true,0,0,0.3960802636415989
1248.json,michael-moore,mostly-true,0,0,0.43679435305423525
10450.json,rand-paul,half-true,0,0,0.25835881754465434
8758.json,barack-obama,half-true,0,0,0.1572801064736885
4442.json,ron-paul,half-true,0,0,0.36368249897772703
7930.json,pete-gallego,true,0,0,0.24425885005680237
12122.json,paul-ryan,mostly-true,0,0,0.3219953457365858
6678.json,leonard-lance,true,0,0,0.036990616121504394
9957.json,facebook-posts,pants-fire,1,1,0.7375703743029388
7111.json,sam-adams,barely-true,1,0,0.36457159115442805
9235.json,blog-posting,pants-fire,1,1,0.8578159204185278
1243.json,barney-bishop,false,1,1,0.8949494014478179
5693.json,kathleen-falk,false,1,0,0.43090018956814347
2305.json,john-boehner,true,0,1,0.7819245436100833
2040.json,george-will,barely-true,1,1,0.638038712670981
9192.json,progressive-choice,true,0,1,0.9351610478408835
11375.json,glenn-hegar,true,0,0,0.4504998832489782
9674.json,jeb-bush,mostly-true,0,0,0.2167227318948762
3369.json,sam-adams,half-true,0,0,0.3107595015919579
8855.json,wendy-davis,mostly-true,0,1,0.5371090516575756
1641.json,michele-bachmann,false,1,1,0.791222817356898
9080.json,greg-morris,true,0,0,0.058994091790463284
4233.json,jennifer-granholm,mostly-true,0,0,0.16627339630818636
12952.json,donald-trump,barely-true,1,1,0.7271705910978291
2135.json,lincoln-chafee,false,1,0,0.3140306694997801
7696.json,mark-pocan,barely-true,1,0,0.19979696977165395
11751.json,barack-obama,mostly-true,0,0,0.17554971263787383
2187.json,michael-bloomberg,false,1,0,0.21375822291898738
3196.json,rick-scott,false,1,0,0.40858127666850125
6263.json,ovide-lamontagne,half-true,0,0,0.027298368703942442
2774.json,scott-walker,half-true,0,0,0.35919349801484945
6555.json,teresa-fedor,true,0,1,0.8840470431004546
8961.json,david-brooks,half-true,0,0,0.044260834082449706
8011.json,elliott-naishtat,true,0,0,0.03922837585342043
1290.json,ginny-brown-waite,barely-true,1,1,0.5040066024423742
9151.json,michael-mccaul,true,0,0,0.20553974714281326
11625.json,greg-abbott,mostly-true,0,0,0.3416934292164179
7426.json,bill-jackson,pants-fire,1,1,0.8684273786338967
1462.json,kay-bailey-hutchison,mostly-true,0,1,0.6371930216141656
1777.json,john-cornyn,true,0,0,0.3681782042195582
12982.json,reince-priebus,half-true,0,1,0.6451536332540274
6015.json,reince-priebus,false,1,0,0.4046937954502764
12520.json,hillary-clinton,true,0,0,0.23077061151555187
8944.json,lawrence-odonnell,mostly-true,0,0,0.4818271171371217
6035.json,eric-fehrnstrom,half-true,0,0,0.024156043153443656
10309.json,michael-needham,mostly-true,0,0,0.3783627948913131
7336.json,texas-federation-republican-women,barely-true,1,1,0.8210909335846318
7726.json,ed-fitzgerald,false,1,1,0.617855001351101
12768.json,kirsten-gillibrand,mostly-true,0,0,0.0363138161604388
12012.json,chris-koster,mostly-true,0,0,0.058377696959902727
5710.json,joe-biden,false,1,0,0.3624467209114873
376.json,barack-obama,half-true,0,0,0.40396561667119557
4198.json,ohio-democratic-party,pants-fire,1,1,0.7463257082345777
4901.json,florida-democratic-party,barely-true,1,0,0.45523834227285515
7806.json,leah-vukmir,false,1,0,0.2387261349426869
12537.json,donald-trump,false,1,1,0.5680617445506342
3593.json,rick-scott,mostly-true,0,0,0.20856512645775185
9779.json,occupy-democrats,pants-fire,1,1,0.5001144422751285
8990.json,john-kerry,mostly-true,0,0,0.36959205726597455
3979.json,george-allen,false,1,1,0.6096634056176538
10897.json,rick-perry,true,0,0,0.32607565436878
4841.json,eileen-brady,mostly-true,0,1,0.5584295150517405
2570.json,russ-feingold,half-true,0,0,0.22360523174125152
4068.json,lisa-hamler-fugitt,mostly-true,0,0,0.024488970784476635
12301.json,john-oliver,mostly-true,0,0,0.056866059082659265
7236.json,rick-scott,half-true,0,0,0.22573377953837276
6571.json,chris-christie,half-true,0,0,0.4092216308425046
2640.json,chuck-riley,false,1,1,0.9173288847986043
13512.json,blog-posting,pants-fire,1,1,0.8598409684195187
166.json,mitt-romney,half-true,0,0,0.4982797310715473
7329.json,mayors-against-illegal-guns,half-true,0,0,0.05117764298821459
13385.json,donald-trump,mostly-true,0,1,0.7103231189385713
7827.json,meals-wheels-rhode-island,barely-true,1,1,0.8924866984064853
11670.json,american-action-network,barely-true,1,1,0.8555419375222958
13029.json,national-republican-senatorial-committee,barely-true,1,1,0.6895760507467656
9937.json,jeanne-shaheen,mostly-true,0,0,0.2919688457579583
2811.json,mark-warner,mostly-true,0,0,0.18579796495242076
6333.json,chris-christie,false,1,0,0.23103682194603636
5124.json,restore-our-future,pants-fire,1,0,0.45998647250926983
66.json,john-edwards,true,0,0,0.20926231870833573
5403.json,bruce-starr,mostly-true,0,0,0.3933629766704177
9437.json,scott-walker,half-true,0,1,0.5925277815981205
235.json,john-mccain,true,0,0,0.421253776736807
793.json,barack-obama,half-true,0,0,0.27288149633399117
11080.json,rick-perry,barely-true,1,0,0.26810086855308646
9489.json,scott-walker,false,1,1,0.5289281561176885
1444.json,barack-obama,mostly-true,0,0,0.22128114185729636
2484.json,alan-grayson,half-true,0,0,0.4298413358324696
5836.json,mary-nolan,half-true,0,0,0.06142769118724662
12.json,mike-huckabee,false,1,0,0.46236745073631935
11588.json,viral-media-reports,false,1,1,0.8962045482193246
6264.json,eric-cantor,barely-true,1,0,0.49158322017763845
13324.json,donald-trump,mostly-true,0,1,0.667446699583427
5230.json,nathan-deal,true,0,0,0.3295390993637931
8519.json,americans-prosperity,false,1,1,0.6721408133431215
6900.json,karen-huber,half-true,0,0,0.02959751192283778
10524.json,lloyd-doggett,true,0,0,0.29886750912577287
12599.json,thomas-perez,true,0,0,0.3160386509609897
917.json,eric-cantor,false,1,1,0.5721945014941143
8336.json,grover-fugate,true,0,0,0.06517577575108374
6811.json,barack-obama,mostly-true,0,0,0.24830021710677436
7084.json,dan-patrick,true,0,1,0.5168318611402087
7900.json,john-nygren,half-true,0,0,0.02012067929357389
9323.json,julian-castro,true,0,0,0.11057082439459694
1460.json,bill-white,true,0,0,0.21079990009153077
7607.json,john-kasich,pants-fire,1,0,0.310946849191559
1061.json,lynn-westmoreland,barely-true,1,0,0.44170674066965415
12321.json,pat-mccrory,true,0,0,0.4478710826972432
6473.json,stephanie-cutter,true,0,0,0.38627705799724393
12546.json,blog-posting,false,1,1,0.8704104297721792
2877.json,scott-walker,false,1,0,0.4812071352540133
9432.json,rachel-maddow,mostly-true,0,0,0.4128962000776723
7145.json,john-kitzhaber,true,0,0,0.21447553271104441
2760.json,sierra-club,barely-true,1,1,0.6218667212253773
6945.json,crossroads-gps,barely-true,1,0,0.4949576295735032
4899.json,newt-gingrich,false,1,1,0.7107367010719964
10906.json,facebook-posts,pants-fire,1,1,0.5324338949516286
3885.json,new-jersey-sierra-club,half-true,0,0,0.03306327252535329
11150.json,centers-disease-control,true,0,0,0.04157622846952674
6953.json,bill-nelson,half-true,0,0,0.34730917888264995
5510.json,steve-rothman,mostly-true,0,0,0.34054125994960527
3455.json,robin-wright,true,0,0,0.07034442592614885
10061.json,rick-scott,half-true,0,1,0.5305689486406545
9927.json,julie-pace,mostly-true,0,0,0.08475108722312355
2316.json,charlie-crist,mostly-true,0,0,0.2512475422966852
11276.json,ron-bergeron,mostly-true,0,0,0.021208636486211876
1497.json,eve-schatelowitz-alcantar,false,1,1,0.8099902729649509
4337.json,ron-kind,half-true,0,0,0.05917024731460344
4543.json,bill-oreilly,barely-true,1,1,0.6133480779495728
5091.json,jon-huntsman,false,1,1,0.5468075201441586
40.json,democratic-national-committee,true,0,0,0.32120815624900023
2852.json,sherrod-brown,mostly-true,0,0,0.2002139955280256
2506.json,scott-bruun,barely-true,1,1,0.9044202839998154
4212.json,john-kasich,true,0,0,0.3596383526727443
10474.json,greg-abbott,half-true,0,0,0.4498605933398843
10117.json,rick-scott,half-true,0,0,0.2851076197665258
7877.json,john-lewis,mostly-true,0,0,0.20033723440456028
12051.json,ted-cruz,mostly-true,0,1,0.6646151841986626
3957.json,national-republican-senatorial-committee,false,1,1,0.6934153312914275
10893.json,jeb-bush,mostly-true,0,0,0.16863878243140293
1623.json,charlie-crist,true,0,0,0.33582751604739586
6428.json,salmon-all,half-true,0,0,0.025763228034981385
4287.json,greater-wisconsin-political-fund,half-true,0,1,0.5521222435237267
9793.json,ending-spending-action-fund,barely-true,1,0,0.3463123251218261
2910.json,donald-carcieri,mostly-true,0,0,0.06785213596403968
4653.json,barack-obama,true,0,0,0.47358156801620443
12279.json,robby-mook,mostly-true,0,0,0.07025286930217678
6982.json,barack-obama,half-true,0,0,0.2278629101881206
11802.json,bernie-s,mostly-true,0,0,0.37355117786289366
4609.json,mitt-romney,false,1,0,0.4987137755891075
8115.json,michelle-nunn,true,0,0,0.3011363719278368
11296.json,viral-image,false,1,1,0.6236427921089789
9093.json,rick-scott,barely-true,1,1,0.6044265953591946
10799.json,anonymous-cyber-squatter,half-true,0,0,0.02402571353979523
9383.json,dawson-hodgson,barely-true,1,1,0.9020987642629346
12009.json,mitt-romney,false,1,1,0.561771991771762
7223.json,kenneth-block,mostly-true,0,0,0.20054729622713413
11118.json,john-oliver,true,0,0,0.042767632135042116
3381.json,rick-scott,mostly-true,0,1,0.5873791963278553
7244.json,dawson-hodgson,false,1,1,0.8726350296971502
2581.json,julie-lassa,barely-true,1,0,0.4365090060772046
2958.json,city-beaverton,false,1,1,0.6649023234558796
12179.json,blog-posting,pants-fire,1,1,0.8496079973832192
11373.json,viral-image,barely-true,1,1,0.6053903109095657
2114.json,georgia-politicians,barely-true,1,1,0.9149553078787449
9588.json,david-perdue,half-true,0,0,0.46353582419913864
3430.json,eric-cantor,half-true,0,1,0.6876455942240061
9364.json,angel-taveras,barely-true,1,0,0.3825417000554758
10695.json,rick-santorum,true,0,1,0.5551552605141308
1158.json,anthony-weiner,barely-true,1,1,0.5332907692368298
5848.json,bill-johnson,false,1,1,0.9162989174582344
10561.json,tom-graves,half-true,0,1,0.518815240526664
512.json,barack-obama,true,0,0,0.24579523776441858
5815.json,steve-rothman,barely-true,1,1,0.5996224671584789
12906.json,paul-manafort,half-true,0,1,0.6243698365380401
7909.json,barry-bone,true,0,0,0.026423239049028817
7044.json,voters-first-ohio,barely-true,1,1,0.8931640611014512
11284.json,jeb-bush,half-true,0,0,0.2587199882796772
11761.json,ted-cruz,true,0,1,0.5691693578911918
13291.json,catherine-cortez-masto,half-true,0,1,0.5619063417073048
6933.json,mitt-romney,half-true,0,0,0.28654721763986063
9916.json,pam-bondi,mostly-true,0,0,0.3111852917950319
9248.json,alicia-menendez,true,0,0,0.016255107571244022
544.json,joe-biden,barely-true,1,0,0.2995200960851915
3679.json,john-kasich,false,1,0,0.44063012217187997
11825.json,paul-saldana,half-true,0,0,0.02449520974624365
7420.json,josh-mandel,mostly-true,0,1,0.5628650660609391
2723.json,ted-strickland,pants-fire,1,0,0.4416883252185941
5530.json,johnny-isakson,barely-true,1,0,0.43399523653052335
4617.json,michele-bachmann,half-true,0,1,0.6356778560418072
4498.json,rush-holt,true,0,0,0.21196332111008115
2994.json,boyd-richie,barely-true,1,1,0.8398872538199839
1184.json,charles-boustany,barely-true,1,1,0.6122178487790668
11169.json,marco-rubio,mostly-true,0,0,0.39015223920829545
8924.json,david-perdue,mostly-true,0,0,0.41978872079969404
3194.json,chris-abele,false,1,1,0.5761104587621735
985.json,rachel-maddow,false,1,1,0.5139557882982335
7379.json,barack-obama,mostly-true,0,0,0.29248469772535685
2926.json,ted-poe,barely-true,1,1,0.5711305266202402
5283.json,phil-gingrey,half-true,0,1,0.6863380345894222
4204.json,tom-leppert,false,1,0,0.47332397116193936
7288.json,terry-mcauliffe,false,1,1,0.6755345885298117
10223.json,russ-girling,false,1,1,0.9223646326839341
4526.json,mike-mccabe,false,1,1,0.8968377319233565
10493.json,ted-cruz,mostly-true,0,1,0.8187638894442104
6812.json,americans-tax-reform,barely-true,1,0,0.4417473848611619
13214.json,oxfam-america,mostly-true,0,0,0.021978874547227304
12662.json,charles-ramsey,mostly-true,0,0,0.019439113794683906
3933.json,rick-santorum,false,1,0,0.48875304527545266
7268.json,scott-walker,mostly-true,0,0,0.1706007522982709
2717.json,marco-rubio,half-true,0,0,0.36865921869220963
2252.json,tim-kaine,half-true,0,0,0.3995529819270793
3029.json,scott-walker,mostly-true,0,1,0.5532060668139426
3471.json,jeff-stone,half-true,0,1,0.5211503449930869
3710.json,nathan-deal,true,0,0,0.2802344515252174
1855.json,bill-white,mostly-true,0,0,0.43979981490253145
7771.json,joee-lindbeck,half-true,0,0,0.025638905209027125
13409.json,donald-trump,barely-true,1,1,0.6501298583900268
5101.json,mitt-romney,half-true,0,0,0.30998107546738635
7356.json,sherrod-brown,true,0,0,0.14429043119701934
4568.json,new-jersey-democratic-state-committee,barely-true,1,1,0.5072487048383764
2099.json,john-boehner,false,1,1,0.5234984100508564
1849.json,john-oxendine,half-true,0,0,0.03703037339909608
7790.json,john-depetro,pants-fire,1,1,0.9308422886955777
6320.json,barack-obama,mostly-true,0,0,0.4004420607072765
3500.json,greater-wisconsin-political-fund,half-true,0,1,0.6538704070086612
2460.json,steve-kagen,pants-fire,1,1,0.6867866612676924
1948.json,john-faulk,false,1,1,0.9223620173800519
10739.json,karl-rove,mostly-true,0,0,0.3963461180786135
13020.json,catherine-cortez-masto,mostly-true,0,0,0.37107717039832894
1119.json,barack-obama,false,1,0,0.3202075736382058
13128.json,donald-trump,mostly-true,0,1,0.6928926417809652
11050.json,generation-forward-pac,mostly-true,0,0,0.03382272400268262
7195.json,lenny-curry,barely-true,1,1,0.647842769619277
13047.json,donald-trump,half-true,0,1,0.6692824646253843
2560.json,future-pac-oregon-house-democrats,pants-fire,1,1,0.9203034829212043
8463.json,chris-abele,false,1,0,0.2748346465817244
3458.json,morgan-griffith,barely-true,1,1,0.6349634718085413
8352.json,blog-posting,pants-fire,1,1,0.8392118460449451
11847.json,national-republican-senatorial-committee,barely-true,1,1,0.6402546990957826
8170.json,eric-cantor,pants-fire,1,1,0.7692993511543348
10293.json,steve-adler,mostly-true,0,1,0.5852237661214019
5314.json,kathleen-clyde,true,0,0,0.04527676624384173
2625.json,jack-conway,mostly-true,0,0,0.4678138064220468
12749.json,donald-trump,half-true,0,0,0.3938927800799892
6905.json,paul-ryan,mostly-true,0,0,0.1854878081568583
10672.json,sally-kohn,false,1,0,0.22259591816127144
2217.json,rachel-maddow,half-true,0,1,0.7328066673078728
10232.json,mitch-mcconnell,barely-true,1,0,0.3264987183937354
7230.json,chris-christie,half-true,0,0,0.36926980776788654
4993.json,maciver-institute,barely-true,1,0,0.3929063778609523
794.json,barack-obama,half-true,0,0,0.3105856323477753
12011.json,donald-trump,half-true,0,1,0.5900261871957593
8946.json,rachel-maddow,true,0,0,0.4920459381368635
3508.json,david-prosser,pants-fire,1,1,0.9051027840367422
3306.json,rob-woodall,half-true,0,0,0.03796165351058228
1189.json,tom-price,mostly-true,0,0,0.29006647959845583
9107.json,alison-lundergan-grimes,true,0,0,0.3644988238545126
809.json,barack-obama,true,0,0,0.39830272024511104
171.json,rudy-giuliani,false,1,1,0.7209693077173366
1739.json,kay-bailey-hutchison,half-true,0,1,0.6094739380841839
9047.json,david-dewhurst,mostly-true,0,1,0.5611164002641851
7685.json,linda-finn,half-true,0,0,0.038202856119905745
13490.json,don-beyer,false,1,0,0.19196696707379082
10962.json,sheldon-whitehouse,true,0,0,0.15204969388105258
7845.json,chris-christie,half-true,0,0,0.34328362371058313
10388.json,jonathan-turley,barely-true,1,1,0.9162667523331458
180.json,bill-richardson,false,1,0,0.3330862035399576
781.json,barack-obama,false,1,0,0.2198862152629257
12627.json,hillary-clinton,true,0,0,0.22747432106826812
2594.json,joe-manchin,true,0,0,0.0440074015798655
7543.json,michele-bachmann,pants-fire,1,1,0.7276637839571274
7073.json,priorities-usa-action,barely-true,1,1,0.5008554606454412
12195.json,mark-pocan,true,0,0,0.21682790207709063
13190.json,mike-pence,barely-true,1,1,0.5331342881019213
7447.json,greg-abbott,true,0,1,0.5122870244628644
9472.json,oregon-department-agriculture,half-true,0,0,0.013581787626483552
12368.json,donald-trump,barely-true,1,1,0.7480801903230436
5788.json,frank-wolf,true,0,1,0.8932943392533508
6665.json,barack-obama,half-true,0,0,0.2089326380157804
10858.json,facebook-posts,pants-fire,1,1,0.6810765364108108
3522.json,jason-haas,false,1,1,0.9249396379612321
6469.json,americans-prosperity,false,1,1,0.5355934747416503
13502.json,sean-duffy,barely-true,1,1,0.6739341849979539
9834.json,edward-flynn,mostly-true,0,0,0.21861971063365337
7991.json,phil-burress,half-true,0,0,0.017349534216025315
7994.json,jonathan-stickland,barely-true,1,1,0.7589219434678232
10846.json,scott-walker,false,1,1,0.7372339013649813
8830.json,rick-scott,half-true,0,0,0.2561340422008599
6033.json,bill-nelson,true,0,0,0.23071868419648123
700.json,john-mccain,true,0,0,0.4847896083492365
12214.json,bernie-s,mostly-true,0,0,0.3273309630730742
11661.json,occupy-democrats,false,1,0,0.4483070781594175
8986.json,barack-obama,mostly-true,0,0,0.1535770040069624
6922.json,lois-frankel,barely-true,1,1,0.9024094705425548
2738.json,georgia-house-democratic-caucus-behalf-elena-paren,false,1,1,0.8486862230855168
7416.json,david-plouffe,barely-true,1,0,0.4764120861866298
9101.json,barbara-boxer,half-true,0,0,0.3716419695066592
2494.json,mark-belling,pants-fire,1,1,0.909754745789484
553.json,wesley-clark,false,1,0,0.48602641840158783
574.json,campaign-money-watch,true,0,1,0.8848328184583307
1262.json,glenn-beck,false,1,1,0.724683381212433
9900.json,mark-harris,mostly-true,0,0,0.07834450790262557
1677.json,karen-sage,true,0,0,0.04490854935131429
575.json,campaign-money-watch,barely-true,1,1,0.899135848451455
447.json,barack-obama,false,1,0,0.27079460992347754
13049.json,blog-posting,false,1,1,0.8355542480379269
12168.json,your-choice-colorado,half-true,0,0,0.029009566965738726
11308.json,hugh-hewitt,half-true,0,0,0.41559088487906337
11212.json,matt-wuerker,mostly-true,0,0,0.037886843932478896
3697.json,jim-renacci,mostly-true,0,0,0.24865910692077883
12770.json,michelle-obama,true,0,0,0.32247496619770255
11955.json,wisconsin-working-families-party,false,1,1,0.901612448246498
13423.json,donald-trump,false,1,1,0.8097101803508565
3087.json,brian-moran,pants-fire,1,0,0.2830039400823813
3046.json,jim-doyle,mostly-true,0,1,0.5751672553279056
12203.json,tom-price,half-true,0,0,0.33640513779749215
12734.json,mike-pence,barely-true,1,0,0.40444411562251825
1515.json,americans-united-change,half-true,0,1,0.5293947658889082
9553.json,ted-cruz,false,1,1,0.6897809833014061
8557.json,jan-schakowsky,true,0,0,0.03709970897417369
4194.json,tim-pawlenty,mostly-true,0,1,0.696215549418588
13487.json,james-quintero,barely-true,1,1,0.9406442284078845
11184.json,facebook-posts,false,1,1,0.6301320274924878
12221.json,ted-cruz,mostly-true,0,1,0.5462969231461474
3460.json,john-kasich,half-true,0,0,0.28333898121161744
7529.json,service-employees-international-union-committee-po,false,1,1,0.5056974163185245
10717.json,rick-perry,half-true,0,1,0.6060351134803746
4714.json,barack-obama,false,1,0,0.19878657794017357
4017.json,newt-gingrich,mostly-true,0,0,0.43614453737540965
9256.json,rush-limbaugh,false,1,1,0.6890033116181109
6006.json,william-obrien,false,1,1,0.5423725337628215
6197.json,sean-duffy,barely-true,1,1,0.5840817399266832
1187.json,paul-hipp,mostly-true,0,0,0.0271917780580103
8104.json,don-lemon,mostly-true,0,0,0.38170415508026256
1556.json,bill-white,true,0,0,0.42275602459440315
7970.json,todd-young,false,1,1,0.9005264741922158
12487.json,joyce-beatty,barely-true,1,0,0.4297861879166218
1310.json,cw-bill-young,false,1,0,0.4777325453002598
6163.json,shawn-lindsay,false,1,1,0.9321168011852722
7819.json,alberta-darling,true,0,0,0.37958979688811734
814.json,barack-obama,mostly-true,0,0,0.23785665114310206
8486.json,suzanne-somers,true,0,0,0.0612475806415152
12141.json,roy-blunt,barely-true,1,1,0.7756393091823544
3257.json,dan-patrick,true,0,1,0.5882324573138062
3330.json,rick-scott,barely-true,1,0,0.3473892791978631
6436.json,eric-hovde,half-true,0,1,0.5609775975602781
70.json,ron-paul,mostly-true,0,0,0.29104174788871895
10140.json,john-carlevale,false,1,0,0.4599681115000684
1120.json,john-boehner,false,1,1,0.7496439566451274
8595.json,ken-cuccinelli,barely-true,1,1,0.5585126479759609
4885.json,joe-biden,mostly-true,0,0,0.28141297585265346
11917.json,john-mccain,true,0,0,0.4019151253781141
10773.json,marco-rubio,half-true,0,0,0.45106102504168333
4718.json,ann-lininger,false,1,1,0.9206425824512762
6616.json,george-lemieux,true,0,0,0.46184810320006425
3284.json,bill-posey,mostly-true,0,0,0.06344744188131948
2290.json,barack-obama,barely-true,1,0,0.2579495596809743
10978.json,don-beyer,true,0,0,0.1614397798619243
8764.json,marilinda-garcia,mostly-true,0,0,0.3183282761821627
2203.json,marco-rubio,mostly-true,0,0,0.3583109245607435
7118.json,patricia-morgan,half-true,0,0,0.278320470211933
7164.json,john-kasich,true,0,0,0.3290783885688397
4208.json,allen-west,false,1,0,0.41528249602107925
714.json,sarah-palin,mostly-true,0,1,0.6327686719580635
13437.json,maggie-hassan,barely-true,1,0,0.24312599580748373
6401.json,american-bridge-21st-century,mostly-true,0,0,0.41267737938188365
5251.json,blog-posting,mostly-true,0,1,0.6917352513493713
378.json,hillary-clinton,half-true,0,0,0.29703116333587926
5095.json,rick-perry,pants-fire,1,1,0.6975676961159374
11000.json,jim-steineke,false,1,1,0.7473290028074596
3741.json,sherrod-brown,barely-true,1,0,0.1250920365366485
8979.json,mark-pryor,barely-true,1,0,0.4471587510087699
3803.json,todd-staples,mostly-true,0,0,0.4089786763525271
12087.json,hillary-clinton,barely-true,1,0,0.2579791783745169
1712.json,tom-grady,false,1,1,0.8952791170903739
1093.json,sarah-palin,false,1,1,0.6862158832012084
3027.json,gerry-connolly,half-true,0,0,0.221006398369064
4977.json,marish-agana,barely-true,1,1,0.9173895609835684
4689.json,jeb-hensarling,false,1,1,0.5586817495839653
9227.json,charlie-crist,barely-true,1,0,0.3549007926802426
12927.json,joaquin-castro,mostly-true,0,0,0.24032157678900143
3997.json,martin-omalley,half-true,0,0,0.3219691049534675
13000.json,bruce-rauner,barely-true,1,0,0.331717849113481
11704.json,greg-abbott,barely-true,1,0,0.41706546893950625
11654.json,kevin-russell,mostly-true,0,0,0.03637470235947796
340.json,john-mccain,true,0,0,0.2994451315173248
6485.json,barack-obama,half-true,0,0,0.3057390509940303
9231.json,chain-email,false,1,1,0.7396802454350552
10416.json,barack-obama,mostly-true,0,0,0.3041863804151625
12924.json,gary-johnson,true,0,0,0.3524717242198012
6816.json,american-future-fund,barely-true,1,1,0.9145390457944403
13172.json,chris-koster,half-true,0,0,0.047640281878092064
13484.json,blog-posting,pants-fire,1,1,0.8333450285878573
10869.json,family-foundation,true,0,0,0.019867160702137326
9823.json,senate-majority-pac,false,1,0,0.448007641907536
3738.json,newt-gingrich,false,1,0,0.28459642361447013
8552.json,ellen-qualls,half-true,0,0,0.041509808294610186
3044.json,allen-west,false,1,1,0.7589314049663667
6121.json,chris-christie,barely-true,1,0,0.4617939173876355
11261.json,scott-walker,mostly-true,0,0,0.41950276574732837
12392.json,alan-grayson,barely-true,1,0,0.39546755275833556
4522.json,josh-mandel,barely-true,1,1,0.6019652074791326
8285.json,bill-foster,barely-true,1,0,0.14357513490099041
12244.json,hillary-clinton,true,0,0,0.31561283527540634
7667.json,national-rifle-association,barely-true,1,1,0.600280794475644
101.json,democratic-national-committee,barely-true,1,0,0.33472312247454855
2775.json,eric-cantor,true,0,0,0.45731359185592874
1909.json,barack-obama,half-true,0,0,0.3561370755850844
13203.json,naral-pro-choice,false,1,1,0.9166770671226221
8303.json,barbara-buono,half-true,0,0,0.3521966696442895
10466.json,barack-obama,barely-true,1,0,0.2696392167086203
9229.json,bob-cole,half-true,0,0,0.027474807859447774
8498.json,gina-raimondo,mostly-true,0,0,0.2518545195397111
11887.json,j-jacobs,true,0,0,0.10491082706395168
11895.json,tom-wolf,barely-true,1,1,0.7941075321282244
1385.json,farouk-shami,half-true,0,1,0.5587749478508592
6097.json,stephen-simpson,mostly-true,0,0,0.03153786939502111
1652.json,barack-obama,half-true,0,0,0.31280439319978554
1950.json,vernon-jones,pants-fire,1,0,0.3241506571050305
8685.json,kathleen-sebelius,true,0,0,0.2335137406655917
9200.json,louie-gohmert,false,1,1,0.6227278007382718
2374.json,jim-sensenbrenner,false,1,1,0.586537894281141
2533.json,republican-party-florida,half-true,0,0,0.4684606628571083
5416.json,alan-bates,true,0,0,0.03770624266637915
2557.json,allen-boyd,false,1,0,0.4563130938019665
5087.json,mitt-romney,false,1,1,0.5150837585740176
8960.json,mark-obenshain,mostly-true,0,0,0.2092360832201894
3362.json,phyllis-schlafly,false,1,1,0.9178907620594521
9844.json,david-dewhurst,false,1,0,0.3218252827145324
9292.json,charlie-crist,half-true,0,0,0.2614345258112179
6119.json,jim-demint,barely-true,1,1,0.9428964627088072
12371.json,ed-gillespie,true,0,1,0.5216187428370478
7665.json,gabrielle-giffords,true,0,0,0.02460753666335218
8576.json,city-austin,true,0,1,0.8674271191827996
6637.json,jack-markell,false,1,1,0.8668786109599377
9096.json,john-mccallum,mostly-true,0,0,0.027915554989768117
7698.json,randy-forbes,true,0,0,0.15901522710109095
10547.json,associated-press,true,0,0,0.041751834395708926
187.json,hillary-clinton,half-true,0,0,0.18164747396504366
2470.json,allen-west,pants-fire,1,0,0.46947426159871614
6045.json,chain-email,pants-fire,1,1,0.8903998641339164
339.json,hillary-clinton,true,0,0,0.26058534345286194
11004.json,hillary-clinton,true,0,0,0.42928833856130183
11337.json,martin-omalley,mostly-true,0,0,0.45282236806460757
4250.json,alberta-darling,pants-fire,1,0,0.3671265492444223
631.json,jerome-corsi,pants-fire,1,1,0.9040996024040029
9351.json,charles-van-zant,pants-fire,1,1,0.5415512007183668
5746.json,clarence-thomas,true,0,0,0.04021600613425943
4136.json,kris-jordan,half-true,0,0,0.03701613712870285
1681.json,paul-ryan,barely-true,1,0,0.3749902998001662
5074.json,john-kasich,mostly-true,0,0,0.20852464978275564
4195.json,rick-santorum,barely-true,1,0,0.3288030044576346
3931.json,adam-hasner,barely-true,1,1,0.5319527896084442
4883.json,matt-mackowiak,true,0,1,0.8976709954435858
6795.json,bill-clinton,barely-true,1,0,0.2640077268986919
9818.json,michelle-nunn,barely-true,1,0,0.3075809595763055
8573.json,tom-cotton,half-true,0,1,0.7774240646689567
13184.json,mike-pence,mostly-true,0,0,0.31905581268555105
11559.json,rand-paul,mostly-true,0,1,0.5548339518261161
9241.json,don-balfour,true,0,0,0.06383359859620524
8902.json,hugh-fitzsimons,mostly-true,0,0,0.0626500354791746
12511.json,donald-trump,false,1,1,0.5411204042080648
7285.json,barbara-buono,pants-fire,1,0,0.4328687688215387
1005.json,chain-email,pants-fire,1,1,0.8179728790142667
609.json,barack-obama,half-true,0,0,0.29806413755496924
9436.json,hillary-clinton,barely-true,1,0,0.42051600444892057
5671.json,rick-santorum,false,1,0,0.49037589003982823
6699.json,menendez-facts,pants-fire,1,1,0.8402575750499464
7334.json,rick-scott,half-true,0,0,0.2658432755373261
9788.json,jay-nixon,barely-true,1,0,0.4992609305218636
10710.json,mackubin-thomas-owens,barely-true,1,1,0.9265584175120813
3186.json,john-kasich,barely-true,1,0,0.4282972070283075
6743.json,john-burzichelli,false,1,1,0.9362003797482714
